-1.550067681819200516e-02
-1.550067681819200516e-02
-1.550067681819200516e-02
-1.550067681819200516e-02
-1.550067681819200516e-02
-2.455205097794532776e-02
-2.455205097794532776e-02
-2.455205097794532776e-02
-2.455205097794532776e-02
-2.455205097794532776e-02
-1.117695309221744537e-02
-1.117695309221744537e-02
-1.117695309221744537e-02
-1.117695309221744537e-02
-1.117695309221744537e-02
-2.415815833956003189e-03
-2.415815833956003189e-03
-2.415815833956003189e-03
-2.415815833956003189e-03
-2.415815833956003189e-03
2.958204597234725952e-02
2.958204597234725952e-02
2.958204597234725952e-02
2.958204597234725952e-02
2.958204597234725952e-02
6.321952491998672485e-02
6.321952491998672485e-02
6.321952491998672485e-02
6.321952491998672485e-02
6.321952491998672485e-02
3.054589591920375824e-02
3.054589591920375824e-02
3.054589591920375824e-02
3.054589591920375824e-02
3.054589591920375824e-02
4.926175344735383987e-03
4.926175344735383987e-03
4.926175344735383987e-03
4.926175344735383987e-03
4.926175344735383987e-03
3.410487994551658630e-02
3.410487994551658630e-02
3.410487994551658630e-02
3.410487994551658630e-02
3.410487994551658630e-02
2.201886847615242004e-02
2.201886847615242004e-02
2.201886847615242004e-02
2.201886847615242004e-02
2.201886847615242004e-02
-1.867034658789634705e-02
-1.867034658789634705e-02
-1.867034658789634705e-02
-1.867034658789634705e-02
-1.867034658789634705e-02
3.304707258939743042e-02
3.304707258939743042e-02
3.304707258939743042e-02
3.304707258939743042e-02
3.304707258939743042e-02
1.190233416855335236e-02
1.190233416855335236e-02
1.190233416855335236e-02
1.190233416855335236e-02
1.190233416855335236e-02
-9.756096638739109039e-03
-9.756096638739109039e-03
-9.756096638739109039e-03
-9.756096638739109039e-03
-9.756096638739109039e-03
2.014056593179702759e-02
2.014056593179702759e-02
2.014056593179702759e-02
2.014056593179702759e-02
2.014056593179702759e-02
9.999088011682033539e-03
9.999088011682033539e-03
9.999088011682033539e-03
9.999088011682033539e-03
9.999088011682033539e-03
-3.702909126877784729e-02
-3.702909126877784729e-02
-3.702909126877784729e-02
-3.702909126877784729e-02
-3.702909126877784729e-02
-1.745710521936416626e-02
-1.745710521936416626e-02
-1.745710521936416626e-02
-1.745710521936416626e-02
-1.745710521936416626e-02
6.374361924827098846e-03
6.374361924827098846e-03
6.374361924827098846e-03
6.374361924827098846e-03
6.374361924827098846e-03
2.766908332705497742e-02
2.766908332705497742e-02
2.766908332705497742e-02
2.766908332705497742e-02
2.766908332705497742e-02
6.012472510337829590e-02
6.012472510337829590e-02
6.012472510337829590e-02
6.012472510337829590e-02
6.012472510337829590e-02
-2.702305279672145844e-02
-2.702305279672145844e-02
-2.702305279672145844e-02
-2.702305279672145844e-02
-2.702305279672145844e-02
1.969061978161334991e-02
1.969061978161334991e-02
1.969061978161334991e-02
1.969061978161334991e-02
1.969061978161334991e-02
1.773372292518615723e-02
1.773372292518615723e-02
1.773372292518615723e-02
1.773372292518615723e-02
1.773372292518615723e-02
2.019116282463073730e-02
2.019116282463073730e-02
2.019116282463073730e-02
2.019116282463073730e-02
2.019116282463073730e-02
5.083044990897178650e-02
5.083044990897178650e-02
5.083044990897178650e-02
5.083044990897178650e-02
5.083044990897178650e-02
-5.000844970345497131e-02
-5.000844970345497131e-02
-5.000844970345497131e-02
-5.000844970345497131e-02
-5.000844970345497131e-02
4.352799616754055023e-03
4.352799616754055023e-03
4.352799616754055023e-03
4.352799616754055023e-03
4.352799616754055023e-03
1.213501021265983582e-02
1.213501021265983582e-02
1.213501021265983582e-02
1.213501021265983582e-02
1.213501021265983582e-02
1.648517139256000519e-02
1.648517139256000519e-02
1.648517139256000519e-02
1.648517139256000519e-02
1.648517139256000519e-02
-2.554577216506004333e-02
-2.554577216506004333e-02
-2.554577216506004333e-02
-2.554577216506004333e-02
-2.554577216506004333e-02
-3.895398927852511406e-03
-3.895398927852511406e-03
-3.895398927852511406e-03
-3.895398927852511406e-03
-3.895398927852511406e-03
-1.311297965003177524e-04
-1.311297965003177524e-04
-1.311297965003177524e-04
-1.311297965003177524e-04
-1.311297965003177524e-04
-5.763368308544158936e-02
-5.763368308544158936e-02
-5.763368308544158936e-02
-5.763368308544158936e-02
-5.763368308544158936e-02
-9.376256726682186127e-03
-9.376256726682186127e-03
-9.376256726682186127e-03
-9.376256726682186127e-03
-9.376256726682186127e-03
2.953444793820381165e-02
2.953444793820381165e-02
2.953444793820381165e-02
2.953444793820381165e-02
2.953444793820381165e-02
1.493203826248645782e-02
1.493203826248645782e-02
1.493203826248645782e-02
1.493203826248645782e-02
1.493203826248645782e-02
-5.718623753637075424e-03
-5.718623753637075424e-03
-5.718623753637075424e-03
-5.718623753637075424e-03
-5.718623753637075424e-03
3.145032329484820366e-03
3.145032329484820366e-03
3.145032329484820366e-03
3.145032329484820366e-03
3.145032329484820366e-03
-1.655136048793792725e-02
-1.655136048793792725e-02
-1.655136048793792725e-02
-1.655136048793792725e-02
-1.655136048793792725e-02
-1.088550034910440445e-02
-1.088550034910440445e-02
-1.088550034910440445e-02
-1.088550034910440445e-02
-1.088550034910440445e-02
2.776877582073211670e-02
2.776877582073211670e-02
2.776877582073211670e-02
2.776877582073211670e-02
2.776877582073211670e-02
-6.973804906010627747e-03
-6.973804906010627747e-03
-6.973804906010627747e-03
-6.973804906010627747e-03
-6.973804906010627747e-03
-1.519201975315809250e-02
-1.519201975315809250e-02
-1.519201975315809250e-02
-1.519201975315809250e-02
-1.519201975315809250e-02
-1.102779526263475418e-03
-1.102779526263475418e-03
-1.102779526263475418e-03
-1.102779526263475418e-03
-1.102779526263475418e-03
3.340830653905868530e-02
3.340830653905868530e-02
3.340830653905868530e-02
3.340830653905868530e-02
3.340830653905868530e-02
4.607709497213363647e-02
4.607709497213363647e-02
4.607709497213363647e-02
4.607709497213363647e-02
4.607709497213363647e-02
7.901339791715145111e-03
7.901339791715145111e-03
7.901339791715145111e-03
7.901339791715145111e-03
7.901339791715145111e-03
9.946553036570549011e-03
9.946553036570549011e-03
9.946553036570549011e-03
9.946553036570549011e-03
9.946553036570549011e-03
-4.066114127635955811e-02
-4.066114127635955811e-02
-4.066114127635955811e-02
-4.066114127635955811e-02
-4.066114127635955811e-02
3.646815568208694458e-02
3.646815568208694458e-02
3.646815568208694458e-02
3.646815568208694458e-02
3.646815568208694458e-02
1.775647513568401337e-02
1.775647513568401337e-02
1.775647513568401337e-02
1.775647513568401337e-02
1.775647513568401337e-02
6.746100261807441711e-03
6.746100261807441711e-03
6.746100261807441711e-03
6.746100261807441711e-03
6.746100261807441711e-03
-2.585652098059654236e-02
-2.585652098059654236e-02
-2.585652098059654236e-02
-2.585652098059654236e-02
-2.585652098059654236e-02
-4.249724000692367554e-02
-4.249724000692367554e-02
-4.249724000692367554e-02
-4.249724000692367554e-02
-4.249724000692367554e-02
1.393771171569824219e-02
1.393771171569824219e-02
1.393771171569824219e-02
1.393771171569824219e-02
1.393771171569824219e-02
4.534875974059104919e-02
4.534875974059104919e-02
4.534875974059104919e-02
4.534875974059104919e-02
4.534875974059104919e-02
6.434084475040435791e-02
6.434084475040435791e-02
6.434084475040435791e-02
6.434084475040435791e-02
6.434084475040435791e-02
-2.889335714280605316e-02
-2.889335714280605316e-02
-2.889335714280605316e-02
-2.889335714280605316e-02
-2.889335714280605316e-02
3.432453423738479614e-02
3.432453423738479614e-02
3.432453423738479614e-02
3.432453423738479614e-02
3.432453423738479614e-02
2.173960208892822266e-02
2.173960208892822266e-02
2.173960208892822266e-02
2.173960208892822266e-02
2.173960208892822266e-02
3.219136223196983337e-02
3.219136223196983337e-02
3.219136223196983337e-02
3.219136223196983337e-02
3.219136223196983337e-02
1.301109790802001953e-02
1.301109790802001953e-02
1.301109790802001953e-02
1.301109790802001953e-02
1.301109790802001953e-02
-5.578253418207168579e-03
-5.578253418207168579e-03
-5.578253418207168579e-03
-5.578253418207168579e-03
-5.578253418207168579e-03
-3.900767862796783447e-02
-3.900767862796783447e-02
-3.900767862796783447e-02
-3.900767862796783447e-02
-3.900767862796783447e-02
-2.405340224504470825e-02
-2.405340224504470825e-02
-2.405340224504470825e-02
-2.405340224504470825e-02
-2.405340224504470825e-02
3.903408767655491829e-03
3.903408767655491829e-03
3.903408767655491829e-03
3.903408767655491829e-03
3.903408767655491829e-03
-2.615296095609664917e-02
-2.615296095609664917e-02
-2.615296095609664917e-02
-2.615296095609664917e-02
-2.615296095609664917e-02
2.980918250977993011e-02
2.980918250977993011e-02
2.980918250977993011e-02
2.980918250977993011e-02
2.980918250977993011e-02
-9.387549944221973419e-03
-9.387549944221973419e-03
-9.387549944221973419e-03
-9.387549944221973419e-03
-9.387549944221973419e-03
-1.855482719838619232e-02
-1.855482719838619232e-02
-1.855482719838619232e-02
-1.855482719838619232e-02
-1.855482719838619232e-02
-3.358722850680351257e-02
-3.358722850680351257e-02
-3.358722850680351257e-02
-3.358722850680351257e-02
-3.358722850680351257e-02
-2.786406688392162323e-02
-2.786406688392162323e-02
-2.786406688392162323e-02
-2.786406688392162323e-02
-2.786406688392162323e-02
-3.494040668010711670e-02
-3.494040668010711670e-02
-3.494040668010711670e-02
-3.494040668010711670e-02
-3.494040668010711670e-02
5.531885474920272827e-02
5.531885474920272827e-02
5.531885474920272827e-02
5.531885474920272827e-02
5.531885474920272827e-02
-3.113458119332790375e-02
-3.113458119332790375e-02
-3.113458119332790375e-02
-3.113458119332790375e-02
-3.113458119332790375e-02
5.912918597459793091e-03
5.912918597459793091e-03
5.912918597459793091e-03
5.912918597459793091e-03
5.912918597459793091e-03
-1.142967119812965393e-02
-1.142967119812965393e-02
-1.142967119812965393e-02
-1.142967119812965393e-02
-1.142967119812965393e-02
8.590701036155223846e-03
8.590701036155223846e-03
8.590701036155223846e-03
8.590701036155223846e-03
8.590701036155223846e-03
3.965099900960922241e-02
3.965099900960922241e-02
3.965099900960922241e-02
3.965099900960922241e-02
3.965099900960922241e-02
-1.724677346646785736e-02
-1.724677346646785736e-02
-1.724677346646785736e-02
-1.724677346646785736e-02
-1.724677346646785736e-02
-5.407277494668960571e-03
-5.407277494668960571e-03
-5.407277494668960571e-03
-5.407277494668960571e-03
-5.407277494668960571e-03
1.854664087295532227e-02
1.854664087295532227e-02
1.854664087295532227e-02
1.854664087295532227e-02
1.854664087295532227e-02
1.762821152806282043e-02
1.762821152806282043e-02
1.762821152806282043e-02
1.762821152806282043e-02
1.762821152806282043e-02
8.071821182966232300e-02
8.071821182966232300e-02
8.071821182966232300e-02
8.071821182966232300e-02
8.071821182966232300e-02
4.957534838467836380e-03
4.957534838467836380e-03
4.957534838467836380e-03
4.957534838467836380e-03
4.957534838467836380e-03
-2.941896580159664154e-02
-2.941896580159664154e-02
-2.941896580159664154e-02
-2.941896580159664154e-02
-2.941896580159664154e-02
4.152366146445274353e-02
4.152366146445274353e-02
4.152366146445274353e-02
4.152366146445274353e-02
4.152366146445274353e-02
-1.158273592591285706e-02
-1.158273592591285706e-02
-1.158273592591285706e-02
-1.158273592591285706e-02
-1.158273592591285706e-02
2.464965358376502991e-02
2.464965358376502991e-02
2.464965358376502991e-02
2.464965358376502991e-02
2.464965358376502991e-02
-3.919006511569023132e-02
-3.919006511569023132e-02
-3.919006511569023132e-02
-3.919006511569023132e-02
-3.919006511569023132e-02
-2.209395356476306915e-02
-2.209395356476306915e-02
-2.209395356476306915e-02
-2.209395356476306915e-02
-2.209395356476306915e-02
2.055479772388935089e-02
2.055479772388935089e-02
2.055479772388935089e-02
2.055479772388935089e-02
2.055479772388935089e-02
6.928990781307220459e-02
6.928990781307220459e-02
6.928990781307220459e-02
6.928990781307220459e-02
6.928990781307220459e-02
2.531966753304004669e-02
2.531966753304004669e-02
2.531966753304004669e-02
2.531966753304004669e-02
2.531966753304004669e-02
-2.901140972971916199e-02
-2.901140972971916199e-02
-2.901140972971916199e-02
-2.901140972971916199e-02
-2.901140972971916199e-02
-4.411146044731140137e-02
-4.411146044731140137e-02
-4.411146044731140137e-02
-4.411146044731140137e-02
-4.411146044731140137e-02
-1.788276992738246918e-02
-1.788276992738246918e-02
-1.788276992738246918e-02
-1.788276992738246918e-02
-1.788276992738246918e-02
-1.601926423609256744e-02
-1.601926423609256744e-02
-1.601926423609256744e-02
-1.601926423609256744e-02
-1.601926423609256744e-02
-1.406282559037208557e-02
-1.406282559037208557e-02
-1.406282559037208557e-02
-1.406282559037208557e-02
-1.406282559037208557e-02
-7.495028432458639145e-03
-7.495028432458639145e-03
-7.495028432458639145e-03
-7.495028432458639145e-03
-7.495028432458639145e-03
5.531333014369010925e-02
5.531333014369010925e-02
5.531333014369010925e-02
5.531333014369010925e-02
5.531333014369010925e-02
-3.707282617688179016e-02
-3.707282617688179016e-02
-3.707282617688179016e-02
-3.707282617688179016e-02
-3.707282617688179016e-02
-2.078051865100860596e-02
-2.078051865100860596e-02
-2.078051865100860596e-02
-2.078051865100860596e-02
-2.078051865100860596e-02
1.487341523170471191e-02
1.487341523170471191e-02
1.487341523170471191e-02
1.487341523170471191e-02
1.487341523170471191e-02
4.418764263391494751e-02
4.418764263391494751e-02
4.418764263391494751e-02
4.418764263391494751e-02
4.418764263391494751e-02
5.223469436168670654e-02
5.223469436168670654e-02
5.223469436168670654e-02
5.223469436168670654e-02
5.223469436168670654e-02
-5.087182670831680298e-02
-5.087182670831680298e-02
-5.087182670831680298e-02
-5.087182670831680298e-02
-5.087182670831680298e-02
1.977838575839996338e-02
1.977838575839996338e-02
1.977838575839996338e-02
1.977838575839996338e-02
1.977838575839996338e-02
4.631878435611724854e-02
4.631878435611724854e-02
4.631878435611724854e-02
4.631878435611724854e-02
4.631878435611724854e-02
3.463611751794815063e-02
3.463611751794815063e-02
3.463611751794815063e-02
3.463611751794815063e-02
3.463611751794815063e-02
2.453613653779029846e-02
2.453613653779029846e-02
2.453613653779029846e-02
2.453613653779029846e-02
2.453613653779029846e-02
-4.017131403088569641e-02
-4.017131403088569641e-02
-4.017131403088569641e-02
-4.017131403088569641e-02
-4.017131403088569641e-02
3.019652562215924263e-03
3.019652562215924263e-03
3.019652562215924263e-03
3.019652562215924263e-03
3.019652562215924263e-03
4.322874546051025391e-02
4.322874546051025391e-02
4.322874546051025391e-02
4.322874546051025391e-02
4.322874546051025391e-02
4.780507087707519531e-02
4.780507087707519531e-02
4.780507087707519531e-02
4.780507087707519531e-02
4.780507087707519531e-02
-1.211465802043676376e-02
-1.211465802043676376e-02
-1.211465802043676376e-02
-1.211465802043676376e-02
-1.211465802043676376e-02
-2.751361019909381866e-02
-2.751361019909381866e-02
-2.751361019909381866e-02
-2.751361019909381866e-02
-2.751361019909381866e-02
-3.497443720698356628e-02
-3.497443720698356628e-02
-3.497443720698356628e-02
-3.497443720698356628e-02
-3.497443720698356628e-02
2.268025837838649750e-02
2.268025837838649750e-02
2.268025837838649750e-02
2.268025837838649750e-02
2.268025837838649750e-02
2.160963229835033417e-02
2.160963229835033417e-02
2.160963229835033417e-02
2.160963229835033417e-02
2.160963229835033417e-02
6.677592545747756958e-02
6.677592545747756958e-02
6.677592545747756958e-02
6.677592545747756958e-02
6.677592545747756958e-02
-2.475233934819698334e-02
-2.475233934819698334e-02
-2.475233934819698334e-02
-2.475233934819698334e-02
-2.475233934819698334e-02
1.081275753676891327e-02
1.081275753676891327e-02
1.081275753676891327e-02
1.081275753676891327e-02
1.081275753676891327e-02
-3.299015760421752930e-02
-3.299015760421752930e-02
-3.299015760421752930e-02
-3.299015760421752930e-02
-3.299015760421752930e-02
-4.015062004327774048e-02
-4.015062004327774048e-02
-4.015062004327774048e-02
-4.015062004327774048e-02
-4.015062004327774048e-02
-3.841458633542060852e-02
-3.841458633542060852e-02
-3.841458633542060852e-02
-3.841458633542060852e-02
-3.841458633542060852e-02
-7.341146469116210938e-03
-7.341146469116210938e-03
-7.341146469116210938e-03
-7.341146469116210938e-03
-7.341146469116210938e-03
1.628375845029950142e-03
1.628375845029950142e-03
1.628375845029950142e-03
1.628375845029950142e-03
1.628375845029950142e-03
-1.167955156415700912e-02
-1.167955156415700912e-02
-1.167955156415700912e-02
-1.167955156415700912e-02
-1.167955156415700912e-02
-2.392400242388248444e-02
-2.392400242388248444e-02
-2.392400242388248444e-02
-2.392400242388248444e-02
-2.392400242388248444e-02
-8.373699337244033813e-02
-8.373699337244033813e-02
-8.373699337244033813e-02
-8.373699337244033813e-02
-8.373699337244033813e-02
4.994982108473777771e-02
4.994982108473777771e-02
4.994982108473777771e-02
4.994982108473777771e-02
4.994982108473777771e-02
-1.419163681566715240e-02
-1.419163681566715240e-02
-1.419163681566715240e-02
-1.419163681566715240e-02
-1.419163681566715240e-02
5.838306248188018799e-02
5.838306248188018799e-02
5.838306248188018799e-02
5.838306248188018799e-02
5.838306248188018799e-02
-1.989426091313362122e-02
-1.989426091313362122e-02
-1.989426091313362122e-02
-1.989426091313362122e-02
-1.989426091313362122e-02
1.206700131297111511e-02
1.206700131297111511e-02
1.206700131297111511e-02
1.206700131297111511e-02
1.206700131297111511e-02
3.150415420532226562e-02
3.150415420532226562e-02
3.150415420532226562e-02
3.150415420532226562e-02
3.150415420532226562e-02
2.020872384309768677e-02
2.020872384309768677e-02
2.020872384309768677e-02
2.020872384309768677e-02
2.020872384309768677e-02
-4.763204231858253479e-02
-4.763204231858253479e-02
-4.763204231858253479e-02
-4.763204231858253479e-02
-4.763204231858253479e-02
1.418807078152894974e-02
1.418807078152894974e-02
1.418807078152894974e-02
1.418807078152894974e-02
1.418807078152894974e-02
6.831575930118560791e-02
6.831575930118560791e-02
6.831575930118560791e-02
6.831575930118560791e-02
6.831575930118560791e-02
-3.314236924052238464e-02
-3.314236924052238464e-02
-3.314236924052238464e-02
-3.314236924052238464e-02
-3.314236924052238464e-02
9.643713012337684631e-03
9.643713012337684631e-03
9.643713012337684631e-03
9.643713012337684631e-03
9.643713012337684631e-03
-3.255274519324302673e-02
-3.255274519324302673e-02
-3.255274519324302673e-02
-3.255274519324302673e-02
-3.255274519324302673e-02
3.554902970790863037e-02
3.554902970790863037e-02
3.554902970790863037e-02
3.554902970790863037e-02
3.554902970790863037e-02
-2.788144350051879883e-02
-2.788144350051879883e-02
-2.788144350051879883e-02
-2.788144350051879883e-02
-2.788144350051879883e-02
-6.693609803915023804e-02
-6.693609803915023804e-02
-6.693609803915023804e-02
-6.693609803915023804e-02
-6.693609803915023804e-02
-5.718109384179115295e-02
-5.718109384179115295e-02
-5.718109384179115295e-02
-5.718109384179115295e-02
-5.718109384179115295e-02
-1.301959063857793808e-02
-1.301959063857793808e-02
-1.301959063857793808e-02
-1.301959063857793808e-02
-1.301959063857793808e-02
2.889730967581272125e-02
2.889730967581272125e-02
2.889730967581272125e-02
2.889730967581272125e-02
2.889730967581272125e-02
4.651457071304321289e-02
4.651457071304321289e-02
4.651457071304321289e-02
4.651457071304321289e-02
4.651457071304321289e-02
1.581419073045253754e-02
1.581419073045253754e-02
1.581419073045253754e-02
1.581419073045253754e-02
1.581419073045253754e-02
5.814435426145792007e-04
5.814435426145792007e-04
5.814435426145792007e-04
5.814435426145792007e-04
5.814435426145792007e-04
-1.526319701224565506e-02
-1.526319701224565506e-02
-1.526319701224565506e-02
-1.526319701224565506e-02
-1.526319701224565506e-02
-3.861005231738090515e-02
-3.861005231738090515e-02
-3.861005231738090515e-02
-3.861005231738090515e-02
-3.861005231738090515e-02
3.556642681360244751e-02
3.556642681360244751e-02
3.556642681360244751e-02
3.556642681360244751e-02
3.556642681360244751e-02
4.311911389231681824e-02
4.311911389231681824e-02
4.311911389231681824e-02
4.311911389231681824e-02
4.311911389231681824e-02
-2.429482713341712952e-02
-2.429482713341712952e-02
-2.429482713341712952e-02
-2.429482713341712952e-02
-2.429482713341712952e-02
-3.118289448320865631e-02
-3.118289448320865631e-02
-3.118289448320865631e-02
-3.118289448320865631e-02
-3.118289448320865631e-02
1.570277102291584015e-02
1.570277102291584015e-02
1.570277102291584015e-02
1.570277102291584015e-02
1.570277102291584015e-02
-2.750143408775329590e-02
-2.750143408775329590e-02
-2.750143408775329590e-02
-2.750143408775329590e-02
-2.750143408775329590e-02
-8.025350049138069153e-03
-8.025350049138069153e-03
-8.025350049138069153e-03
-8.025350049138069153e-03
-8.025350049138069153e-03
2.898802980780601501e-02
2.898802980780601501e-02
2.898802980780601501e-02
2.898802980780601501e-02
2.898802980780601501e-02
-1.559353154152631760e-02
-1.559353154152631760e-02
-1.559353154152631760e-02
-1.559353154152631760e-02
-1.559353154152631760e-02
-2.444062556605786085e-04
-2.444062556605786085e-04
-2.444062556605786085e-04
-2.444062556605786085e-04
-2.444062556605786085e-04
2.238310128450393677e-02
2.238310128450393677e-02
2.238310128450393677e-02
2.238310128450393677e-02
2.238310128450393677e-02
1.542165037244558334e-02
1.542165037244558334e-02
1.542165037244558334e-02
1.542165037244558334e-02
1.542165037244558334e-02
8.682021871209144592e-03
8.682021871209144592e-03
8.682021871209144592e-03
8.682021871209144592e-03
8.682021871209144592e-03
-3.903147205710411072e-02
-3.903147205710411072e-02
-3.903147205710411072e-02
-3.903147205710411072e-02
-3.903147205710411072e-02
-3.515886608511209488e-03
-3.515886608511209488e-03
-3.515886608511209488e-03
-3.515886608511209488e-03
-3.515886608511209488e-03
-4.306911304593086243e-02
-4.306911304593086243e-02
-4.306911304593086243e-02
-4.306911304593086243e-02
-4.306911304593086243e-02
1.399154658429324627e-03
1.399154658429324627e-03
1.399154658429324627e-03
1.399154658429324627e-03
1.399154658429324627e-03
-1.333489827811717987e-02
-1.333489827811717987e-02
-1.333489827811717987e-02
-1.333489827811717987e-02
-1.333489827811717987e-02
3.083669580519199371e-02
3.083669580519199371e-02
3.083669580519199371e-02
3.083669580519199371e-02
3.083669580519199371e-02
-1.626859977841377258e-02
-1.626859977841377258e-02
-1.626859977841377258e-02
-1.626859977841377258e-02
-1.626859977841377258e-02
-3.444441407918930054e-02
-3.444441407918930054e-02
-3.444441407918930054e-02
-3.444441407918930054e-02
-3.444441407918930054e-02
3.249989077448844910e-02
3.249989077448844910e-02
3.249989077448844910e-02
3.249989077448844910e-02
3.249989077448844910e-02
-9.114453569054603577e-03
-9.114453569054603577e-03
-9.114453569054603577e-03
-9.114453569054603577e-03
-9.114453569054603577e-03
1.299814693629741669e-02
1.299814693629741669e-02
1.299814693629741669e-02
1.299814693629741669e-02
1.299814693629741669e-02
-3.131600841879844666e-02
-3.131600841879844666e-02
-3.131600841879844666e-02
-3.131600841879844666e-02
-3.131600841879844666e-02
-2.214559726417064667e-02
-2.214559726417064667e-02
-2.214559726417064667e-02
-2.214559726417064667e-02
-2.214559726417064667e-02
-2.325666882097721100e-02
-2.325666882097721100e-02
-2.325666882097721100e-02
-2.325666882097721100e-02
-2.325666882097721100e-02
-3.618708997964859009e-02
-3.618708997964859009e-02
-3.618708997964859009e-02
-3.618708997964859009e-02
-3.618708997964859009e-02
3.708683326840400696e-02
3.708683326840400696e-02
3.708683326840400696e-02
3.708683326840400696e-02
3.708683326840400696e-02
-8.220522664487361908e-03
-8.220522664487361908e-03
-8.220522664487361908e-03
-8.220522664487361908e-03
-8.220522664487361908e-03
-2.292243065312504768e-03
-2.292243065312504768e-03
-2.292243065312504768e-03
-2.292243065312504768e-03
-2.292243065312504768e-03
3.994569927453994751e-02
3.994569927453994751e-02
3.994569927453994751e-02
3.994569927453994751e-02
3.994569927453994751e-02
2.292712219059467316e-02
2.292712219059467316e-02
2.292712219059467316e-02
2.292712219059467316e-02
2.292712219059467316e-02
5.545980483293533325e-02
5.545980483293533325e-02
5.545980483293533325e-02
5.545980483293533325e-02
5.545980483293533325e-02
-1.221408694982528687e-02
-1.221408694982528687e-02
-1.221408694982528687e-02
-1.221408694982528687e-02
-1.221408694982528687e-02
5.087507423013448715e-03
5.087507423013448715e-03
5.087507423013448715e-03
5.087507423013448715e-03
5.087507423013448715e-03
-1.936540380120277405e-02
-1.936540380120277405e-02
-1.936540380120277405e-02
-1.936540380120277405e-02
-1.936540380120277405e-02
-7.943376153707504272e-02
-7.943376153707504272e-02
-7.943376153707504272e-02
-7.943376153707504272e-02
-7.943376153707504272e-02
-3.122825175523757935e-02
-3.122825175523757935e-02
-3.122825175523757935e-02
-3.122825175523757935e-02
-3.122825175523757935e-02
-1.806077361106872559e-02
-1.806077361106872559e-02
-1.806077361106872559e-02
-1.806077361106872559e-02
-1.806077361106872559e-02
2.342371270060539246e-03
2.342371270060539246e-03
2.342371270060539246e-03
2.342371270060539246e-03
2.342371270060539246e-03
9.457038715481758118e-03
9.457038715481758118e-03
9.457038715481758118e-03
9.457038715481758118e-03
9.457038715481758118e-03
-1.890836283564567566e-02
-1.890836283564567566e-02
-1.890836283564567566e-02
-1.890836283564567566e-02
-1.890836283564567566e-02
3.555040340870618820e-03
3.555040340870618820e-03
3.555040340870618820e-03
3.555040340870618820e-03
3.555040340870618820e-03
-3.038636595010757446e-02
-3.038636595010757446e-02
-3.038636595010757446e-02
-3.038636595010757446e-02
-3.038636595010757446e-02
4.669829457998275757e-02
4.669829457998275757e-02
4.669829457998275757e-02
4.669829457998275757e-02
4.669829457998275757e-02
3.592341393232345581e-02
3.592341393232345581e-02
3.592341393232345581e-02
3.592341393232345581e-02
3.592341393232345581e-02
-2.689261548221111298e-02
-2.689261548221111298e-02
-2.689261548221111298e-02
-2.689261548221111298e-02
-2.689261548221111298e-02
-2.697731554508209229e-02
-2.697731554508209229e-02
-2.697731554508209229e-02
-2.697731554508209229e-02
-2.697731554508209229e-02
5.241245962679386139e-03
5.241245962679386139e-03
5.241245962679386139e-03
5.241245962679386139e-03
5.241245962679386139e-03
1.019061729311943054e-02
1.019061729311943054e-02
1.019061729311943054e-02
1.019061729311943054e-02
1.019061729311943054e-02
-6.048478558659553528e-02
-6.048478558659553528e-02
-6.048478558659553528e-02
-6.048478558659553528e-02
-6.048478558659553528e-02
-3.520734608173370361e-02
-3.520734608173370361e-02
-3.520734608173370361e-02
-3.520734608173370361e-02
-3.520734608173370361e-02
3.036366403102874756e-02
3.036366403102874756e-02
3.036366403102874756e-02
3.036366403102874756e-02
3.036366403102874756e-02
-1.025106571614742279e-02
-1.025106571614742279e-02
-1.025106571614742279e-02
-1.025106571614742279e-02
-1.025106571614742279e-02
-7.253175135701894760e-03
-7.253175135701894760e-03
-7.253175135701894760e-03
-7.253175135701894760e-03
-7.253175135701894760e-03
-3.472849959507584572e-03
-3.472849959507584572e-03
-3.472849959507584572e-03
-3.472849959507584572e-03
-3.472849959507584572e-03
3.250628337264060974e-02
3.250628337264060974e-02
3.250628337264060974e-02
3.250628337264060974e-02
3.250628337264060974e-02
-6.138869374990463257e-02
-6.138869374990463257e-02
-6.138869374990463257e-02
-6.138869374990463257e-02
-6.138869374990463257e-02
3.505266504362225533e-03
3.505266504362225533e-03
3.505266504362225533e-03
3.505266504362225533e-03
3.505266504362225533e-03
2.834325842559337616e-02
2.834325842559337616e-02
2.834325842559337616e-02
2.834325842559337616e-02
2.834325842559337616e-02
1.018640614347532392e-05
1.018640614347532392e-05
1.018640614347532392e-05
1.018640614347532392e-05
1.018640614347532392e-05
-2.835817076265811920e-02
-2.835817076265811920e-02
-2.835817076265811920e-02
-2.835817076265811920e-02
-2.835817076265811920e-02
-4.418615996837615967e-02
-4.418615996837615967e-02
-4.418615996837615967e-02
-4.418615996837615967e-02
-4.418615996837615967e-02
2.070147730410099030e-02
2.070147730410099030e-02
2.070147730410099030e-02
2.070147730410099030e-02
2.070147730410099030e-02
1.302530243992805481e-02
1.302530243992805481e-02
1.302530243992805481e-02
1.302530243992805481e-02
1.302530243992805481e-02
-1.054413430392742157e-02
-1.054413430392742157e-02
-1.054413430392742157e-02
-1.054413430392742157e-02
-1.054413430392742157e-02
3.462732071056962013e-03
3.462732071056962013e-03
3.462732071056962013e-03
3.462732071056962013e-03
3.462732071056962013e-03
-1.062658987939357758e-02
-1.062658987939357758e-02
-1.062658987939357758e-02
-1.062658987939357758e-02
-1.062658987939357758e-02
2.731385407969355583e-03
2.731385407969355583e-03
2.731385407969355583e-03
2.731385407969355583e-03
2.731385407969355583e-03
-3.456736728549003601e-02
-3.456736728549003601e-02
-3.456736728549003601e-02
-3.456736728549003601e-02
-3.456736728549003601e-02
-3.229404985904693604e-02
-3.229404985904693604e-02
-3.229404985904693604e-02
-3.229404985904693604e-02
-3.229404985904693604e-02
-2.295039407908916473e-02
-2.295039407908916473e-02
-2.295039407908916473e-02
-2.295039407908916473e-02
-2.295039407908916473e-02
1.282994635403156281e-02
1.282994635403156281e-02
1.282994635403156281e-02
1.282994635403156281e-02
1.282994635403156281e-02
1.058709621429443359e-02
1.058709621429443359e-02
1.058709621429443359e-02
1.058709621429443359e-02
1.058709621429443359e-02
-4.561027511954307556e-03
-4.561027511954307556e-03
-4.561027511954307556e-03
-4.561027511954307556e-03
-4.561027511954307556e-03
-3.192698955535888672e-02
-3.192698955535888672e-02
-3.192698955535888672e-02
-3.192698955535888672e-02
-3.192698955535888672e-02
3.258657455444335938e-02
3.258657455444335938e-02
3.258657455444335938e-02
3.258657455444335938e-02
3.258657455444335938e-02
5.304365232586860657e-02
5.304365232586860657e-02
5.304365232586860657e-02
5.304365232586860657e-02
5.304365232586860657e-02
-6.089329719543457031e-03
-6.089329719543457031e-03
-6.089329719543457031e-03
-6.089329719543457031e-03
-6.089329719543457031e-03
-4.242178797721862793e-02
-4.242178797721862793e-02
-4.242178797721862793e-02
-4.242178797721862793e-02
-4.242178797721862793e-02
-1.802181126549839973e-03
-1.802181126549839973e-03
-1.802181126549839973e-03
-1.802181126549839973e-03
-1.802181126549839973e-03
-4.581971094012260437e-02
-4.581971094012260437e-02
-4.581971094012260437e-02
-4.581971094012260437e-02
-4.581971094012260437e-02
1.162756141275167465e-02
1.162756141275167465e-02
1.162756141275167465e-02
1.162756141275167465e-02
1.162756141275167465e-02
3.105794638395309448e-02
3.105794638395309448e-02
3.105794638395309448e-02
3.105794638395309448e-02
3.105794638395309448e-02
2.731362171471118927e-02
2.731362171471118927e-02
2.731362171471118927e-02
2.731362171471118927e-02
2.731362171471118927e-02
-1.941233873367309570e-02
-1.941233873367309570e-02
-1.941233873367309570e-02
-1.941233873367309570e-02
-1.941233873367309570e-02
4.441379755735397339e-02
4.441379755735397339e-02
4.441379755735397339e-02
4.441379755735397339e-02
4.441379755735397339e-02
9.191787801682949066e-03
9.191787801682949066e-03
9.191787801682949066e-03
9.191787801682949066e-03
9.191787801682949066e-03
5.547670647501945496e-02
5.547670647501945496e-02
5.547670647501945496e-02
5.547670647501945496e-02
5.547670647501945496e-02
-3.196424990892410278e-02
-3.196424990892410278e-02
-3.196424990892410278e-02
-3.196424990892410278e-02
-3.196424990892410278e-02
-1.385266985744237900e-02
-1.385266985744237900e-02
-1.385266985744237900e-02
-1.385266985744237900e-02
-1.385266985744237900e-02
-2.450073137879371643e-02
-2.450073137879371643e-02
-2.450073137879371643e-02
-2.450073137879371643e-02
-2.450073137879371643e-02
1.353869563899934292e-03
1.353869563899934292e-03
1.353869563899934292e-03
1.353869563899934292e-03
1.353869563899934292e-03
1.329525839537382126e-03
1.329525839537382126e-03
1.329525839537382126e-03
1.329525839537382126e-03
1.329525839537382126e-03
2.853056229650974274e-02
2.853056229650974274e-02
2.853056229650974274e-02
2.853056229650974274e-02
2.853056229650974274e-02
1.617563888430595398e-02
1.617563888430595398e-02
1.617563888430595398e-02
1.617563888430595398e-02
1.617563888430595398e-02
-1.843345910310745239e-02
-1.843345910310745239e-02
-1.843345910310745239e-02
-1.843345910310745239e-02
-1.843345910310745239e-02
-1.480337418615818024e-02
-1.480337418615818024e-02
-1.480337418615818024e-02
-1.480337418615818024e-02
-1.480337418615818024e-02
-2.327955514192581177e-02
-2.327955514192581177e-02
-2.327955514192581177e-02
-2.327955514192581177e-02
-2.327955514192581177e-02
-9.110214188694953918e-03
-9.110214188694953918e-03
-9.110214188694953918e-03
-9.110214188694953918e-03
-9.110214188694953918e-03
3.312199562788009644e-02
3.312199562788009644e-02
3.312199562788009644e-02
3.312199562788009644e-02
3.312199562788009644e-02
5.060583353042602539e-02
5.060583353042602539e-02
5.060583353042602539e-02
5.060583353042602539e-02
5.060583353042602539e-02
3.818261623382568359e-02
3.818261623382568359e-02
3.818261623382568359e-02
3.818261623382568359e-02
3.818261623382568359e-02
1.380375958979129791e-02
1.380375958979129791e-02
1.380375958979129791e-02
1.380375958979129791e-02
1.380375958979129791e-02
2.953249588608741760e-02
2.953249588608741760e-02
2.953249588608741760e-02
2.953249588608741760e-02
2.953249588608741760e-02
1.880410127341747284e-02
1.880410127341747284e-02
1.880410127341747284e-02
1.880410127341747284e-02
1.880410127341747284e-02
-3.062391839921474457e-02
-3.062391839921474457e-02
-3.062391839921474457e-02
-3.062391839921474457e-02
-3.062391839921474457e-02
-6.038356944918632507e-02
-6.038356944918632507e-02
-6.038356944918632507e-02
-6.038356944918632507e-02
-6.038356944918632507e-02
1.763018197380006313e-03
1.763018197380006313e-03
1.763018197380006313e-03
1.763018197380006313e-03
1.763018197380006313e-03
-3.308907896280288696e-02
-3.308907896280288696e-02
-3.308907896280288696e-02
-3.308907896280288696e-02
-3.308907896280288696e-02
-4.672413319349288940e-02
-4.672413319349288940e-02
-4.672413319349288940e-02
-4.672413319349288940e-02
-4.672413319349288940e-02
-3.739624097943305969e-02
-3.739624097943305969e-02
-3.739624097943305969e-02
-3.739624097943305969e-02
-3.739624097943305969e-02
-6.555921398103237152e-03
-6.555921398103237152e-03
-6.555921398103237152e-03
-6.555921398103237152e-03
-6.555921398103237152e-03
-3.131809830665588379e-02
-3.131809830665588379e-02
-3.131809830665588379e-02
-3.131809830665588379e-02
-3.131809830665588379e-02
-1.996575668454170227e-02
-1.996575668454170227e-02
-1.996575668454170227e-02
-1.996575668454170227e-02
-1.996575668454170227e-02
-3.400201722979545593e-02
-3.400201722979545593e-02
-3.400201722979545593e-02
-3.400201722979545593e-02
-3.400201722979545593e-02
-1.734212972223758698e-02
-1.734212972223758698e-02
-1.734212972223758698e-02
-1.734212972223758698e-02
-1.734212972223758698e-02
1.450574584305286407e-02
1.450574584305286407e-02
1.450574584305286407e-02
1.450574584305286407e-02
1.450574584305286407e-02
4.962034150958061218e-02
4.962034150958061218e-02
4.962034150958061218e-02
4.962034150958061218e-02
4.962034150958061218e-02
3.781260550022125244e-02
3.781260550022125244e-02
3.781260550022125244e-02
3.781260550022125244e-02
3.781260550022125244e-02
2.894541248679161072e-02
2.894541248679161072e-02
2.894541248679161072e-02
2.894541248679161072e-02
2.894541248679161072e-02
2.517061680555343628e-02
2.517061680555343628e-02
2.517061680555343628e-02
2.517061680555343628e-02
2.517061680555343628e-02
1.824520714581012726e-02
1.824520714581012726e-02
1.824520714581012726e-02
1.824520714581012726e-02
1.824520714581012726e-02
-7.976872846484184265e-03
-7.976872846484184265e-03
-7.976872846484184265e-03
-7.976872846484184265e-03
-7.976872846484184265e-03
2.680325880646705627e-02
2.680325880646705627e-02
2.680325880646705627e-02
2.680325880646705627e-02
2.680325880646705627e-02
3.881422337144613266e-03
3.881422337144613266e-03
3.881422337144613266e-03
3.881422337144613266e-03
3.881422337144613266e-03
6.844598334282636642e-03
6.844598334282636642e-03
6.844598334282636642e-03
6.844598334282636642e-03
6.844598334282636642e-03
-1.612580381333827972e-02
-1.612580381333827972e-02
-1.612580381333827972e-02
-1.612580381333827972e-02
-1.612580381333827972e-02
-1.409428939223289490e-02
-1.409428939223289490e-02
-1.409428939223289490e-02
-1.409428939223289490e-02
-1.409428939223289490e-02
6.467193830758333206e-03
6.467193830758333206e-03
6.467193830758333206e-03
6.467193830758333206e-03
6.467193830758333206e-03
9.690931066870689392e-03
9.690931066870689392e-03
9.690931066870689392e-03
9.690931066870689392e-03
9.690931066870689392e-03
-9.089291840791702271e-02
-9.089291840791702271e-02
-9.089291840791702271e-02
-9.089291840791702271e-02
-9.089291840791702271e-02
1.617811806499958038e-02
1.617811806499958038e-02
1.617811806499958038e-02
1.617811806499958038e-02
1.617811806499958038e-02
8.229470811784267426e-03
8.229470811784267426e-03
8.229470811784267426e-03
8.229470811784267426e-03
8.229470811784267426e-03
-3.036623075604438782e-02
-3.036623075604438782e-02
-3.036623075604438782e-02
-3.036623075604438782e-02
-3.036623075604438782e-02
2.738797338679432869e-03
2.738797338679432869e-03
2.738797338679432869e-03
2.738797338679432869e-03
2.738797338679432869e-03
-1.850534044206142426e-02
-1.850534044206142426e-02
-1.850534044206142426e-02
-1.850534044206142426e-02
-1.850534044206142426e-02
-1.438734494149684906e-02
-1.438734494149684906e-02
-1.438734494149684906e-02
-1.438734494149684906e-02
-1.438734494149684906e-02
-1.738484203815460205e-02
-1.738484203815460205e-02
-1.738484203815460205e-02
-1.738484203815460205e-02
-1.738484203815460205e-02
-5.363184958696365356e-03
-5.363184958696365356e-03
-5.363184958696365356e-03
-5.363184958696365356e-03
-5.363184958696365356e-03
-5.345558165572583675e-04
-5.345558165572583675e-04
-5.345558165572583675e-04
-5.345558165572583675e-04
-5.345558165572583675e-04
1.922228932380676270e-02
1.922228932380676270e-02
1.922228932380676270e-02
1.922228932380676270e-02
1.922228932380676270e-02
2.760448306798934937e-02
2.760448306798934937e-02
2.760448306798934937e-02
2.760448306798934937e-02
2.760448306798934937e-02
-1.569767668843269348e-02
-1.569767668843269348e-02
-1.569767668843269348e-02
-1.569767668843269348e-02
-1.569767668843269348e-02
2.375758253037929535e-02
2.375758253037929535e-02
2.375758253037929535e-02
2.375758253037929535e-02
2.375758253037929535e-02
-9.928101673722267151e-03
-9.928101673722267151e-03
-9.928101673722267151e-03
-9.928101673722267151e-03
-9.928101673722267151e-03
5.189311504364013672e-02
5.189311504364013672e-02
5.189311504364013672e-02
5.189311504364013672e-02
5.189311504364013672e-02
2.680723369121551514e-02
2.680723369121551514e-02
2.680723369121551514e-02
2.680723369121551514e-02
2.680723369121551514e-02
2.961663529276847839e-02
2.961663529276847839e-02
2.961663529276847839e-02
2.961663529276847839e-02
2.961663529276847839e-02
2.819238603115081787e-02
2.819238603115081787e-02
2.819238603115081787e-02
2.819238603115081787e-02
2.819238603115081787e-02
1.757209561765193939e-02
1.757209561765193939e-02
1.757209561765193939e-02
1.757209561765193939e-02
1.757209561765193939e-02
2.082546241581439972e-02
2.082546241581439972e-02
2.082546241581439972e-02
2.082546241581439972e-02
2.082546241581439972e-02
5.602069571614265442e-02
5.602069571614265442e-02
5.602069571614265442e-02
5.602069571614265442e-02
5.602069571614265442e-02
8.519338071346282959e-02
8.519338071346282959e-02
8.519338071346282959e-02
8.519338071346282959e-02
8.519338071346282959e-02
-7.957106456160545349e-03
-7.957106456160545349e-03
-7.957106456160545349e-03
-7.957106456160545349e-03
-7.957106456160545349e-03
-5.076697841286659241e-02
-5.076697841286659241e-02
-5.076697841286659241e-02
-5.076697841286659241e-02
-5.076697841286659241e-02
-7.008056272752583027e-04
-7.008056272752583027e-04
-7.008056272752583027e-04
-7.008056272752583027e-04
-7.008056272752583027e-04
-3.648894606158137321e-03
-3.648894606158137321e-03
-3.648894606158137321e-03
-3.648894606158137321e-03
-3.648894606158137321e-03
-4.049303010106086731e-03
-4.049303010106086731e-03
-4.049303010106086731e-03
-4.049303010106086731e-03
-4.049303010106086731e-03
-2.818399108946323395e-02
-2.818399108946323395e-02
-2.818399108946323395e-02
-2.818399108946323395e-02
-2.818399108946323395e-02
3.063252940773963928e-02
3.063252940773963928e-02
3.063252940773963928e-02
3.063252940773963928e-02
3.063252940773963928e-02
-3.415247425436973572e-03
-3.415247425436973572e-03
-3.415247425436973572e-03
-3.415247425436973572e-03
-3.415247425436973572e-03
2.729601785540580750e-02
2.729601785540580750e-02
2.729601785540580750e-02
2.729601785540580750e-02
2.729601785540580750e-02
1.339977048337459564e-02
1.339977048337459564e-02
1.339977048337459564e-02
1.339977048337459564e-02
1.339977048337459564e-02
9.178910404443740845e-02
9.178910404443740845e-02
9.178910404443740845e-02
9.178910404443740845e-02
9.178910404443740845e-02
4.231268912553787231e-02
4.231268912553787231e-02
4.231268912553787231e-02
4.231268912553787231e-02
4.231268912553787231e-02
5.206345021724700928e-02
5.206345021724700928e-02
5.206345021724700928e-02
5.206345021724700928e-02
5.206345021724700928e-02
-1.126847416162490845e-02
-1.126847416162490845e-02
-1.126847416162490845e-02
-1.126847416162490845e-02
-1.126847416162490845e-02
-1.479104440659284592e-02
-1.479104440659284592e-02
-1.479104440659284592e-02
-1.479104440659284592e-02
-1.479104440659284592e-02
-6.511306762695312500e-02
-6.511306762695312500e-02
-6.511306762695312500e-02
-6.511306762695312500e-02
-6.511306762695312500e-02
-2.929665893316268921e-02
-2.929665893316268921e-02
-2.929665893316268921e-02
-2.929665893316268921e-02
-2.929665893316268921e-02
3.963661566376686096e-02
3.963661566376686096e-02
3.963661566376686096e-02
3.963661566376686096e-02
3.963661566376686096e-02
-1.111423037946224213e-02
-1.111423037946224213e-02
-1.111423037946224213e-02
-1.111423037946224213e-02
-1.111423037946224213e-02
5.780430138111114502e-02
5.780430138111114502e-02
5.780430138111114502e-02
5.780430138111114502e-02
5.780430138111114502e-02
4.604643210768699646e-02
4.604643210768699646e-02
4.604643210768699646e-02
4.604643210768699646e-02
4.604643210768699646e-02
-4.921936895698308945e-03
-4.921936895698308945e-03
-4.921936895698308945e-03
-4.921936895698308945e-03
-4.921936895698308945e-03
5.938997492194175720e-02
5.938997492194175720e-02
5.938997492194175720e-02
5.938997492194175720e-02
5.938997492194175720e-02
6.219203118234872818e-03
6.219203118234872818e-03
6.219203118234872818e-03
6.219203118234872818e-03
6.219203118234872818e-03
2.277597784996032715e-03
2.277597784996032715e-03
2.277597784996032715e-03
2.277597784996032715e-03
2.277597784996032715e-03
-7.075420115143060684e-03
-7.075420115143060684e-03
-7.075420115143060684e-03
-7.075420115143060684e-03
-7.075420115143060684e-03
8.315598592162132263e-03
8.315598592162132263e-03
8.315598592162132263e-03
8.315598592162132263e-03
8.315598592162132263e-03
4.933983832597732544e-02
4.933983832597732544e-02
4.933983832597732544e-02
4.933983832597732544e-02
4.933983832597732544e-02
5.149200558662414551e-02
5.149200558662414551e-02
5.149200558662414551e-02
5.149200558662414551e-02
5.149200558662414551e-02
3.450576588511466980e-02
3.450576588511466980e-02
3.450576588511466980e-02
3.450576588511466980e-02
3.450576588511466980e-02
4.261119663715362549e-02
4.261119663715362549e-02
4.261119663715362549e-02
4.261119663715362549e-02
4.261119663715362549e-02
2.708799764513969421e-02
2.708799764513969421e-02
2.708799764513969421e-02
2.708799764513969421e-02
2.708799764513969421e-02
-6.008179485797882080e-02
-6.008179485797882080e-02
-6.008179485797882080e-02
-6.008179485797882080e-02
-6.008179485797882080e-02
-1.381208188831806183e-02
-1.381208188831806183e-02
-1.381208188831806183e-02
-1.381208188831806183e-02
-1.381208188831806183e-02
-3.389410302042961121e-02
-3.389410302042961121e-02
-3.389410302042961121e-02
-3.389410302042961121e-02
-3.389410302042961121e-02
3.280539065599441528e-02
3.280539065599441528e-02
3.280539065599441528e-02
3.280539065599441528e-02
3.280539065599441528e-02
4.615695402026176453e-02
4.615695402026176453e-02
4.615695402026176453e-02
4.615695402026176453e-02
4.615695402026176453e-02
4.640640318393707275e-02
4.640640318393707275e-02
4.640640318393707275e-02
4.640640318393707275e-02
4.640640318393707275e-02
-3.401074558496475220e-02
-3.401074558496475220e-02
-3.401074558496475220e-02
-3.401074558496475220e-02
-3.401074558496475220e-02
-1.922874152660369873e-02
-1.922874152660369873e-02
-1.922874152660369873e-02
-1.922874152660369873e-02
-1.922874152660369873e-02
1.131854485720396042e-02
1.131854485720396042e-02
1.131854485720396042e-02
1.131854485720396042e-02
1.131854485720396042e-02
-1.221793424338102341e-02
-1.221793424338102341e-02
-1.221793424338102341e-02
-1.221793424338102341e-02
-1.221793424338102341e-02
5.751921329647302628e-03
5.751921329647302628e-03
5.751921329647302628e-03
5.751921329647302628e-03
5.751921329647302628e-03
1.999882049858570099e-02
1.999882049858570099e-02
1.999882049858570099e-02
1.999882049858570099e-02
1.999882049858570099e-02
3.825457394123077393e-02
3.825457394123077393e-02
3.825457394123077393e-02
3.825457394123077393e-02
3.825457394123077393e-02
-3.833924606442451477e-02
-3.833924606442451477e-02
-3.833924606442451477e-02
-3.833924606442451477e-02
-3.833924606442451477e-02
-2.430574269965291023e-03
-2.430574269965291023e-03
-2.430574269965291023e-03
-2.430574269965291023e-03
-2.430574269965291023e-03
-2.790751866996288300e-02
-2.790751866996288300e-02
-2.790751866996288300e-02
-2.790751866996288300e-02
-2.790751866996288300e-02
-4.621487855911254883e-02
-4.621487855911254883e-02
-4.621487855911254883e-02
-4.621487855911254883e-02
-4.621487855911254883e-02
5.428130272775888443e-03
5.428130272775888443e-03
5.428130272775888443e-03
5.428130272775888443e-03
5.428130272775888443e-03
-1.272238790988922119e-03
-1.272238790988922119e-03
-1.272238790988922119e-03
-1.272238790988922119e-03
-1.272238790988922119e-03
-3.380881622433662415e-02
-3.380881622433662415e-02
-3.380881622433662415e-02
-3.380881622433662415e-02
-3.380881622433662415e-02
-5.847952794283628464e-03
-5.847952794283628464e-03
-5.847952794283628464e-03
-5.847952794283628464e-03
-5.847952794283628464e-03
5.954134836792945862e-02
5.954134836792945862e-02
5.954134836792945862e-02
5.954134836792945862e-02
5.954134836792945862e-02
-1.809836924076080322e-02
-1.809836924076080322e-02
-1.809836924076080322e-02
-1.809836924076080322e-02
-1.809836924076080322e-02
1.199317909777164459e-02
1.199317909777164459e-02
1.199317909777164459e-02
1.199317909777164459e-02
1.199317909777164459e-02
-3.230845928192138672e-02
-3.230845928192138672e-02
-3.230845928192138672e-02
-3.230845928192138672e-02
-3.230845928192138672e-02
-1.460115052759647369e-02
-1.460115052759647369e-02
-1.460115052759647369e-02
-1.460115052759647369e-02
-1.460115052759647369e-02
2.055415883660316467e-02
2.055415883660316467e-02
2.055415883660316467e-02
2.055415883660316467e-02
2.055415883660316467e-02
7.143456488847732544e-02
7.143456488847732544e-02
7.143456488847732544e-02
7.143456488847732544e-02
7.143456488847732544e-02
1.796155236661434174e-02
1.796155236661434174e-02
1.796155236661434174e-02
1.796155236661434174e-02
1.796155236661434174e-02
1.219190750271081924e-02
1.219190750271081924e-02
1.219190750271081924e-02
1.219190750271081924e-02
1.219190750271081924e-02
5.824303254485130310e-02
5.824303254485130310e-02
5.824303254485130310e-02
5.824303254485130310e-02
5.824303254485130310e-02
-2.399676851928234100e-02
-2.399676851928234100e-02
-2.399676851928234100e-02
-2.399676851928234100e-02
-2.399676851928234100e-02
-3.331549465656280518e-02
-3.331549465656280518e-02
-3.331549465656280518e-02
-3.331549465656280518e-02
-3.331549465656280518e-02
4.142130725085735321e-03
4.142130725085735321e-03
4.142130725085735321e-03
4.142130725085735321e-03
4.142130725085735321e-03
4.091469570994377136e-02
4.091469570994377136e-02
4.091469570994377136e-02
4.091469570994377136e-02
4.091469570994377136e-02
3.339402750134468079e-02
3.339402750134468079e-02
3.339402750134468079e-02
3.339402750134468079e-02
3.339402750134468079e-02
1.925730146467685699e-02
1.925730146467685699e-02
1.925730146467685699e-02
1.925730146467685699e-02
1.925730146467685699e-02
2.386018401011824608e-03
2.386018401011824608e-03
2.386018401011824608e-03
2.386018401011824608e-03
2.386018401011824608e-03
-4.317089915275573730e-02
-4.317089915275573730e-02
-4.317089915275573730e-02
-4.317089915275573730e-02
-4.317089915275573730e-02
4.799723997712135315e-02
4.799723997712135315e-02
4.799723997712135315e-02
4.799723997712135315e-02
4.799723997712135315e-02
-1.924087107181549072e-02
-1.924087107181549072e-02
-1.924087107181549072e-02
-1.924087107181549072e-02
-1.924087107181549072e-02
3.412761911749839783e-02
3.412761911749839783e-02
3.412761911749839783e-02
3.412761911749839783e-02
3.412761911749839783e-02
1.883062720298767090e-02
1.883062720298767090e-02
1.883062720298767090e-02
1.883062720298767090e-02
1.883062720298767090e-02
7.256768643856048584e-02
7.256768643856048584e-02
7.256768643856048584e-02
7.256768643856048584e-02
7.256768643856048584e-02
-1.925475709140300751e-02
-1.925475709140300751e-02
-1.925475709140300751e-02
-1.925475709140300751e-02
-1.925475709140300751e-02
-3.306088969111442566e-02
-3.306088969111442566e-02
-3.306088969111442566e-02
-3.306088969111442566e-02
-3.306088969111442566e-02
-1.968579366803169250e-02
-1.968579366803169250e-02
-1.968579366803169250e-02
-1.968579366803169250e-02
-1.968579366803169250e-02
2.368737710639834404e-03
2.368737710639834404e-03
2.368737710639834404e-03
2.368737710639834404e-03
2.368737710639834404e-03
1.405433192849159241e-02
1.405433192849159241e-02
1.405433192849159241e-02
1.405433192849159241e-02
1.405433192849159241e-02
3.783400729298591614e-02
3.783400729298591614e-02
3.783400729298591614e-02
3.783400729298591614e-02
3.783400729298591614e-02
-4.483799263834953308e-02
-4.483799263834953308e-02
-4.483799263834953308e-02
-4.483799263834953308e-02
-4.483799263834953308e-02
-1.647358201444149017e-02
-1.647358201444149017e-02
-1.647358201444149017e-02
-1.647358201444149017e-02
-1.647358201444149017e-02
-2.043316885828971863e-02
-2.043316885828971863e-02
-2.043316885828971863e-02
-2.043316885828971863e-02
-2.043316885828971863e-02
1.612382009625434875e-02
1.612382009625434875e-02
1.612382009625434875e-02
1.612382009625434875e-02
1.612382009625434875e-02
-2.773028332740068436e-03
-2.773028332740068436e-03
-2.773028332740068436e-03
-2.773028332740068436e-03
-2.773028332740068436e-03
6.852718070149421692e-04
6.852718070149421692e-04
6.852718070149421692e-04
6.852718070149421692e-04
6.852718070149421692e-04
3.981935232877731323e-02
3.981935232877731323e-02
3.981935232877731323e-02
3.981935232877731323e-02
3.981935232877731323e-02
-1.585740013979375362e-03
-1.585740013979375362e-03
-1.585740013979375362e-03
-1.585740013979375362e-03
-1.585740013979375362e-03
-3.734947822522372007e-04
-3.734947822522372007e-04
-3.734947822522372007e-04
-3.734947822522372007e-04
-3.734947822522372007e-04
5.651656165719032288e-02
5.651656165719032288e-02
5.651656165719032288e-02
5.651656165719032288e-02
5.651656165719032288e-02
-4.633564502000808716e-02
-4.633564502000808716e-02
-4.633564502000808716e-02
-4.633564502000808716e-02
-4.633564502000808716e-02
-4.147104173898696899e-02
-4.147104173898696899e-02
-4.147104173898696899e-02
-4.147104173898696899e-02
-4.147104173898696899e-02
-2.709846384823322296e-02
-2.709846384823322296e-02
-2.709846384823322296e-02
-2.709846384823322296e-02
-2.709846384823322296e-02
-1.627013646066188812e-02
-1.627013646066188812e-02
-1.627013646066188812e-02
-1.627013646066188812e-02
-1.627013646066188812e-02
3.971464559435844421e-02
3.971464559435844421e-02
3.971464559435844421e-02
3.971464559435844421e-02
3.971464559435844421e-02
-4.140661284327507019e-02
-4.140661284327507019e-02
-4.140661284327507019e-02
-4.140661284327507019e-02
-4.140661284327507019e-02
1.923030614852905273e-02
1.923030614852905273e-02
1.923030614852905273e-02
1.923030614852905273e-02
1.923030614852905273e-02
-2.005948871374130249e-02
-2.005948871374130249e-02
-2.005948871374130249e-02
-2.005948871374130249e-02
-2.005948871374130249e-02
2.329621836543083191e-02
2.329621836543083191e-02
2.329621836543083191e-02
2.329621836543083191e-02
2.329621836543083191e-02
-9.477604180574417114e-03
-9.477604180574417114e-03
-9.477604180574417114e-03
-9.477604180574417114e-03
-9.477604180574417114e-03
-2.740382961928844452e-02
-2.740382961928844452e-02
-2.740382961928844452e-02
-2.740382961928844452e-02
-2.740382961928844452e-02
-1.107071619480848312e-02
-1.107071619480848312e-02
-1.107071619480848312e-02
-1.107071619480848312e-02
-1.107071619480848312e-02
3.794959187507629395e-02
3.794959187507629395e-02
3.794959187507629395e-02
3.794959187507629395e-02
3.794959187507629395e-02
-4.744636639952659607e-02
-4.744636639952659607e-02
-4.744636639952659607e-02
-4.744636639952659607e-02
-4.744636639952659607e-02
1.176427211612462997e-02
1.176427211612462997e-02
1.176427211612462997e-02
1.176427211612462997e-02
1.176427211612462997e-02
-1.993180625140666962e-02
-1.993180625140666962e-02
-1.993180625140666962e-02
-1.993180625140666962e-02
-1.993180625140666962e-02
2.675808221101760864e-02
2.675808221101760864e-02
2.675808221101760864e-02
2.675808221101760864e-02
2.675808221101760864e-02
1.558698900043964386e-02
1.558698900043964386e-02
1.558698900043964386e-02
1.558698900043964386e-02
1.558698900043964386e-02
1.096949446946382523e-02
1.096949446946382523e-02
1.096949446946382523e-02
1.096949446946382523e-02
1.096949446946382523e-02
2.423778548836708069e-02
2.423778548836708069e-02
2.423778548836708069e-02
2.423778548836708069e-02
2.423778548836708069e-02
2.112182090058922768e-03
2.112182090058922768e-03
2.112182090058922768e-03
2.112182090058922768e-03
2.112182090058922768e-03
3.730550780892372131e-02
3.730550780892372131e-02
3.730550780892372131e-02
3.730550780892372131e-02
3.730550780892372131e-02
1.940576173365116119e-02
1.940576173365116119e-02
1.940576173365116119e-02
1.940576173365116119e-02
1.940576173365116119e-02
8.884008973836898804e-03
8.884008973836898804e-03
8.884008973836898804e-03
8.884008973836898804e-03
8.884008973836898804e-03
-1.611590385437011719e-02
-1.611590385437011719e-02
-1.611590385437011719e-02
-1.611590385437011719e-02
-1.611590385437011719e-02
5.865449085831642151e-02
5.865449085831642151e-02
5.865449085831642151e-02
5.865449085831642151e-02
5.865449085831642151e-02
1.586023718118667603e-02
1.586023718118667603e-02
1.586023718118667603e-02
1.586023718118667603e-02
1.586023718118667603e-02
4.029764235019683838e-02
4.029764235019683838e-02
4.029764235019683838e-02
4.029764235019683838e-02
4.029764235019683838e-02
-2.671901369467377663e-03
-2.671901369467377663e-03
-2.671901369467377663e-03
-2.671901369467377663e-03
-2.671901369467377663e-03
-1.871259137988090515e-02
-1.871259137988090515e-02
-1.871259137988090515e-02
-1.871259137988090515e-02
-1.871259137988090515e-02
-2.915906347334384918e-02
-2.915906347334384918e-02
-2.915906347334384918e-02
-2.915906347334384918e-02
-2.915906347334384918e-02
-2.587605081498622894e-02
-2.587605081498622894e-02
-2.587605081498622894e-02
-2.587605081498622894e-02
-2.587605081498622894e-02
-1.259678695350885391e-02
-1.259678695350885391e-02
-1.259678695350885391e-02
-1.259678695350885391e-02
-1.259678695350885391e-02
-2.222230285406112671e-02
-2.222230285406112671e-02
-2.222230285406112671e-02
-2.222230285406112671e-02
-2.222230285406112671e-02
-3.149017691612243652e-02
-3.149017691612243652e-02
-3.149017691612243652e-02
-3.149017691612243652e-02
-3.149017691612243652e-02
-9.771429002285003662e-03
-9.771429002285003662e-03
-9.771429002285003662e-03
-9.771429002285003662e-03
-9.771429002285003662e-03
-2.502056770026683807e-02
-2.502056770026683807e-02
-2.502056770026683807e-02
-2.502056770026683807e-02
-2.502056770026683807e-02
1.019835565239191055e-02
1.019835565239191055e-02
1.019835565239191055e-02
1.019835565239191055e-02
1.019835565239191055e-02
-4.907233640551567078e-02
-4.907233640551567078e-02
-4.907233640551567078e-02
-4.907233640551567078e-02
-4.907233640551567078e-02
-5.139656737446784973e-02
-5.139656737446784973e-02
-5.139656737446784973e-02
-5.139656737446784973e-02
-5.139656737446784973e-02
9.795937687158584595e-03
9.795937687158584595e-03
9.795937687158584595e-03
9.795937687158584595e-03
9.795937687158584595e-03
4.065503180027008057e-02
4.065503180027008057e-02
4.065503180027008057e-02
4.065503180027008057e-02
4.065503180027008057e-02
4.502816591411828995e-03
4.502816591411828995e-03
4.502816591411828995e-03
4.502816591411828995e-03
4.502816591411828995e-03
-4.550141468644142151e-02
-4.550141468644142151e-02
-4.550141468644142151e-02
-4.550141468644142151e-02
-4.550141468644142151e-02
-2.805980155244469643e-03
-2.805980155244469643e-03
-2.805980155244469643e-03
-2.805980155244469643e-03
-2.805980155244469643e-03
1.994179934263229370e-02
1.994179934263229370e-02
1.994179934263229370e-02
1.994179934263229370e-02
1.994179934263229370e-02
-9.480817243456840515e-03
-9.480817243456840515e-03
-9.480817243456840515e-03
-9.480817243456840515e-03
-9.480817243456840515e-03
3.981855884194374084e-02
3.981855884194374084e-02
3.981855884194374084e-02
3.981855884194374084e-02
3.981855884194374084e-02
-3.900711890310049057e-03
-3.900711890310049057e-03
-3.900711890310049057e-03
-3.900711890310049057e-03
-3.900711890310049057e-03
-3.549426048994064331e-02
-3.549426048994064331e-02
-3.549426048994064331e-02
-3.549426048994064331e-02
-3.549426048994064331e-02
-4.865213111042976379e-02
-4.865213111042976379e-02
-4.865213111042976379e-02
-4.865213111042976379e-02
-4.865213111042976379e-02
-1.309922314248979092e-03
-1.309922314248979092e-03
-1.309922314248979092e-03
-1.309922314248979092e-03
-1.309922314248979092e-03
-2.884692046791315079e-03
-2.884692046791315079e-03
-2.884692046791315079e-03
-2.884692046791315079e-03
-2.884692046791315079e-03
4.583433270454406738e-02
4.583433270454406738e-02
4.583433270454406738e-02
4.583433270454406738e-02
4.583433270454406738e-02
1.462967880070209503e-02
1.462967880070209503e-02
1.462967880070209503e-02
1.462967880070209503e-02
1.462967880070209503e-02
3.508635098114609718e-03
3.508635098114609718e-03
3.508635098114609718e-03
3.508635098114609718e-03
3.508635098114609718e-03
-1.473182253539562225e-02
-1.473182253539562225e-02
-1.473182253539562225e-02
-1.473182253539562225e-02
-1.473182253539562225e-02
-1.276653725653886795e-02
-1.276653725653886795e-02
-1.276653725653886795e-02
-1.276653725653886795e-02
-1.276653725653886795e-02
3.657791763544082642e-03
3.657791763544082642e-03
3.657791763544082642e-03
3.657791763544082642e-03
3.657791763544082642e-03
2.240943023934960365e-03
2.240943023934960365e-03
2.240943023934960365e-03
2.240943023934960365e-03
2.240943023934960365e-03
1.587432809174060822e-02
1.587432809174060822e-02
1.587432809174060822e-02
1.587432809174060822e-02
1.587432809174060822e-02
5.506308376789093018e-02
5.506308376789093018e-02
5.506308376789093018e-02
5.506308376789093018e-02
5.506308376789093018e-02
-2.868779562413692474e-02
-2.868779562413692474e-02
-2.868779562413692474e-02
-2.868779562413692474e-02
-2.868779562413692474e-02
2.475860342383384705e-02
2.475860342383384705e-02
2.475860342383384705e-02
2.475860342383384705e-02
2.475860342383384705e-02
4.030762985348701477e-02
4.030762985348701477e-02
4.030762985348701477e-02
4.030762985348701477e-02
4.030762985348701477e-02
2.377013443037867546e-03
2.377013443037867546e-03
2.377013443037867546e-03
2.377013443037867546e-03
2.377013443037867546e-03
5.503407493233680725e-02
5.503407493233680725e-02
5.503407493233680725e-02
5.503407493233680725e-02
5.503407493233680725e-02
-5.468287505209445953e-03
-5.468287505209445953e-03
-5.468287505209445953e-03
-5.468287505209445953e-03
-5.468287505209445953e-03
5.892400816082954407e-02
5.892400816082954407e-02
5.892400816082954407e-02
5.892400816082954407e-02
5.892400816082954407e-02
4.541782662272453308e-02
4.541782662272453308e-02
4.541782662272453308e-02
4.541782662272453308e-02
4.541782662272453308e-02
-4.941962659358978271e-02
-4.941962659358978271e-02
-4.941962659358978271e-02
-4.941962659358978271e-02
-4.941962659358978271e-02
-4.538987204432487488e-02
-4.538987204432487488e-02
-4.538987204432487488e-02
-4.538987204432487488e-02
-4.538987204432487488e-02
-6.681219674646854401e-03
-6.681219674646854401e-03
-6.681219674646854401e-03
-6.681219674646854401e-03
-6.681219674646854401e-03
5.838663317263126373e-03
5.838663317263126373e-03
5.838663317263126373e-03
5.838663317263126373e-03
5.838663317263126373e-03
1.915318518877029419e-02
1.915318518877029419e-02
1.915318518877029419e-02
1.915318518877029419e-02
1.915318518877029419e-02
-8.746278472244739532e-03
-8.746278472244739532e-03
-8.746278472244739532e-03
-8.746278472244739532e-03
-8.746278472244739532e-03
4.408700019121170044e-02
4.408700019121170044e-02
4.408700019121170044e-02
4.408700019121170044e-02
4.408700019121170044e-02
-1.664143055677413940e-03
-1.664143055677413940e-03
-1.664143055677413940e-03
-1.664143055677413940e-03
-1.664143055677413940e-03
-7.760664448142051697e-03
-7.760664448142051697e-03
-7.760664448142051697e-03
-7.760664448142051697e-03
-7.760664448142051697e-03
2.507121860980987549e-02
2.507121860980987549e-02
2.507121860980987549e-02
2.507121860980987549e-02
2.507121860980987549e-02
-3.834522096440196037e-03
-3.834522096440196037e-03
-3.834522096440196037e-03
-3.834522096440196037e-03
-3.834522096440196037e-03
2.897111140191555023e-02
2.897111140191555023e-02
2.897111140191555023e-02
2.897111140191555023e-02
2.897111140191555023e-02
1.331089157611131668e-02
1.331089157611131668e-02
1.331089157611131668e-02
1.331089157611131668e-02
1.331089157611131668e-02
-4.078938812017440796e-02
-4.078938812017440796e-02
-4.078938812017440796e-02
-4.078938812017440796e-02
-4.078938812017440796e-02
-7.173067424446344376e-03
-7.173067424446344376e-03
-7.173067424446344376e-03
-7.173067424446344376e-03
-7.173067424446344376e-03
7.955605536699295044e-02
7.955605536699295044e-02
7.955605536699295044e-02
7.955605536699295044e-02
7.955605536699295044e-02
3.083283826708793640e-02
3.083283826708793640e-02
3.083283826708793640e-02
3.083283826708793640e-02
3.083283826708793640e-02
-2.480866387486457825e-02
-2.480866387486457825e-02
-2.480866387486457825e-02
-2.480866387486457825e-02
-2.480866387486457825e-02
-5.591242760419845581e-02
-5.591242760419845581e-02
-5.591242760419845581e-02
-5.591242760419845581e-02
-5.591242760419845581e-02
4.771894961595535278e-02
4.771894961595535278e-02
4.771894961595535278e-02
4.771894961595535278e-02
4.771894961595535278e-02
-2.705869963392615318e-03
-2.705869963392615318e-03
-2.705869963392615318e-03
-2.705869963392615318e-03
-2.705869963392615318e-03
1.188405207358300686e-03
1.188405207358300686e-03
1.188405207358300686e-03
1.188405207358300686e-03
1.188405207358300686e-03
-2.623328194022178650e-02
-2.623328194022178650e-02
-2.623328194022178650e-02
-2.623328194022178650e-02
-2.623328194022178650e-02
-3.257023915648460388e-02
-3.257023915648460388e-02
-3.257023915648460388e-02
-3.257023915648460388e-02
-3.257023915648460388e-02
-4.528832063078880310e-02
-4.528832063078880310e-02
-4.528832063078880310e-02
-4.528832063078880310e-02
-4.528832063078880310e-02
-1.317696552723646164e-02
-1.317696552723646164e-02
-1.317696552723646164e-02
-1.317696552723646164e-02
-1.317696552723646164e-02
-4.646915476769208908e-03
-4.646915476769208908e-03
-4.646915476769208908e-03
-4.646915476769208908e-03
-4.646915476769208908e-03
2.370475418865680695e-02
2.370475418865680695e-02
2.370475418865680695e-02
2.370475418865680695e-02
2.370475418865680695e-02
1.269201934337615967e-02
1.269201934337615967e-02
1.269201934337615967e-02
1.269201934337615967e-02
1.269201934337615967e-02
-1.738098263740539551e-02
-1.738098263740539551e-02
-1.738098263740539551e-02
-1.738098263740539551e-02
-1.738098263740539551e-02
-3.005906566977500916e-02
-3.005906566977500916e-02
-3.005906566977500916e-02
-3.005906566977500916e-02
-3.005906566977500916e-02
-6.239613052457571030e-03
-6.239613052457571030e-03
-6.239613052457571030e-03
-6.239613052457571030e-03
-6.239613052457571030e-03
5.181376822292804718e-03
5.181376822292804718e-03
5.181376822292804718e-03
5.181376822292804718e-03
5.181376822292804718e-03
8.692336268723011017e-03
8.692336268723011017e-03
8.692336268723011017e-03
8.692336268723011017e-03
8.692336268723011017e-03
-1.914160884916782379e-02
-1.914160884916782379e-02
-1.914160884916782379e-02
-1.914160884916782379e-02
-1.914160884916782379e-02
-3.163403645157814026e-02
-3.163403645157814026e-02
-3.163403645157814026e-02
-3.163403645157814026e-02
-3.163403645157814026e-02
3.211154043674468994e-02
3.211154043674468994e-02
3.211154043674468994e-02
3.211154043674468994e-02
3.211154043674468994e-02
-3.772627795115113258e-03
-3.772627795115113258e-03
-3.772627795115113258e-03
-3.772627795115113258e-03
-3.772627795115113258e-03
2.851263852789998055e-03
2.851263852789998055e-03
2.851263852789998055e-03
2.851263852789998055e-03
2.851263852789998055e-03
3.086462058126926422e-02
3.086462058126926422e-02
3.086462058126926422e-02
3.086462058126926422e-02
3.086462058126926422e-02
-6.685959640890359879e-03
-6.685959640890359879e-03
-6.685959640890359879e-03
-6.685959640890359879e-03
-6.685959640890359879e-03
-3.193285688757896423e-02
-3.193285688757896423e-02
-3.193285688757896423e-02
-3.193285688757896423e-02
-3.193285688757896423e-02
5.147197283804416656e-03
5.147197283804416656e-03
5.147197283804416656e-03
5.147197283804416656e-03
5.147197283804416656e-03
-2.676823735237121582e-02
-2.676823735237121582e-02
-2.676823735237121582e-02
-2.676823735237121582e-02
-2.676823735237121582e-02
-2.183913812041282654e-02
-2.183913812041282654e-02
-2.183913812041282654e-02
-2.183913812041282654e-02
-2.183913812041282654e-02
-5.146552622318267822e-02
-5.146552622318267822e-02
-5.146552622318267822e-02
-5.146552622318267822e-02
-5.146552622318267822e-02
2.455384470522403717e-02
2.455384470522403717e-02
2.455384470522403717e-02
2.455384470522403717e-02
2.455384470522403717e-02
-2.571879327297210693e-02
-2.571879327297210693e-02
-2.571879327297210693e-02
-2.571879327297210693e-02
-2.571879327297210693e-02
-3.651509061455726624e-02
-3.651509061455726624e-02
-3.651509061455726624e-02
-3.651509061455726624e-02
-3.651509061455726624e-02
1.171765662729740143e-02
1.171765662729740143e-02
1.171765662729740143e-02
1.171765662729740143e-02
1.171765662729740143e-02
2.967844903469085693e-02
2.967844903469085693e-02
2.967844903469085693e-02
2.967844903469085693e-02
2.967844903469085693e-02
2.804876491427421570e-02
2.804876491427421570e-02
2.804876491427421570e-02
2.804876491427421570e-02
2.804876491427421570e-02
-3.414642065763473511e-02
-3.414642065763473511e-02
-3.414642065763473511e-02
-3.414642065763473511e-02
-3.414642065763473511e-02
2.140509337186813354e-02
2.140509337186813354e-02
2.140509337186813354e-02
2.140509337186813354e-02
2.140509337186813354e-02
3.266834886744618416e-03
3.266834886744618416e-03
3.266834886744618416e-03
3.266834886744618416e-03
3.266834886744618416e-03
-6.328190863132476807e-02
-6.328190863132476807e-02
-6.328190863132476807e-02
-6.328190863132476807e-02
-6.328190863132476807e-02
-2.195215225219726562e-02
-2.195215225219726562e-02
-2.195215225219726562e-02
-2.195215225219726562e-02
-2.195215225219726562e-02
-2.098414115607738495e-02
-2.098414115607738495e-02
-2.098414115607738495e-02
-2.098414115607738495e-02
-2.098414115607738495e-02
-2.841406268998980522e-03
-2.841406268998980522e-03
-2.841406268998980522e-03
-2.841406268998980522e-03
-2.841406268998980522e-03
-1.622289605438709259e-02
-1.622289605438709259e-02
-1.622289605438709259e-02
-1.622289605438709259e-02
-1.622289605438709259e-02
2.071048505604267120e-02
2.071048505604267120e-02
2.071048505604267120e-02
2.071048505604267120e-02
2.071048505604267120e-02
7.220896333456039429e-02
7.220896333456039429e-02
7.220896333456039429e-02
7.220896333456039429e-02
7.220896333456039429e-02
-2.206253260374069214e-02
-2.206253260374069214e-02
-2.206253260374069214e-02
-2.206253260374069214e-02
-2.206253260374069214e-02
7.503362372517585754e-03
7.503362372517585754e-03
7.503362372517585754e-03
7.503362372517585754e-03
7.503362372517585754e-03
-2.309353277087211609e-02
-2.309353277087211609e-02
-2.309353277087211609e-02
-2.309353277087211609e-02
-2.309353277087211609e-02
3.055495209991931915e-02
3.055495209991931915e-02
3.055495209991931915e-02
3.055495209991931915e-02
3.055495209991931915e-02
4.694086313247680664e-02
4.694086313247680664e-02
4.694086313247680664e-02
4.694086313247680664e-02
4.694086313247680664e-02
1.077577471733093262e-02
1.077577471733093262e-02
1.077577471733093262e-02
1.077577471733093262e-02
1.077577471733093262e-02
-2.968155965209007263e-02
-2.968155965209007263e-02
-2.968155965209007263e-02
-2.968155965209007263e-02
-2.968155965209007263e-02
3.301072120666503906e-02
3.301072120666503906e-02
3.301072120666503906e-02
3.301072120666503906e-02
3.301072120666503906e-02
5.898584797978401184e-02
5.898584797978401184e-02
5.898584797978401184e-02
5.898584797978401184e-02
5.898584797978401184e-02
4.043140262365341187e-02
4.043140262365341187e-02
4.043140262365341187e-02
4.043140262365341187e-02
4.043140262365341187e-02
3.374185413122177124e-02
3.374185413122177124e-02
3.374185413122177124e-02
3.374185413122177124e-02
3.374185413122177124e-02
-1.624787598848342896e-02
-1.624787598848342896e-02
-1.624787598848342896e-02
-1.624787598848342896e-02
-1.624787598848342896e-02
-6.939122080802917480e-02
-6.939122080802917480e-02
-6.939122080802917480e-02
-6.939122080802917480e-02
-6.939122080802917480e-02
2.070695534348487854e-02
2.070695534348487854e-02
2.070695534348487854e-02
2.070695534348487854e-02
2.070695534348487854e-02
4.173808172345161438e-02
4.173808172345161438e-02
4.173808172345161438e-02
4.173808172345161438e-02
4.173808172345161438e-02
-4.817270208150148392e-03
-4.817270208150148392e-03
-4.817270208150148392e-03
-4.817270208150148392e-03
-4.817270208150148392e-03
2.854234771803021431e-03
2.854234771803021431e-03
2.854234771803021431e-03
2.854234771803021431e-03
2.854234771803021431e-03
1.020929589867591858e-02
1.020929589867591858e-02
1.020929589867591858e-02
1.020929589867591858e-02
1.020929589867591858e-02
1.066257897764444351e-02
1.066257897764444351e-02
1.066257897764444351e-02
1.066257897764444351e-02
1.066257897764444351e-02
5.581014230847358704e-02
5.581014230847358704e-02
5.581014230847358704e-02
5.581014230847358704e-02
5.581014230847358704e-02
3.372535482048988342e-02
3.372535482048988342e-02
3.372535482048988342e-02
3.372535482048988342e-02
3.372535482048988342e-02
5.298796109855175018e-03
5.298796109855175018e-03
5.298796109855175018e-03
5.298796109855175018e-03
5.298796109855175018e-03
-6.127252243459224701e-03
-6.127252243459224701e-03
-6.127252243459224701e-03
-6.127252243459224701e-03
-6.127252243459224701e-03
6.090849265456199646e-02
6.090849265456199646e-02
6.090849265456199646e-02
6.090849265456199646e-02
6.090849265456199646e-02
1.178066991269588470e-02
1.178066991269588470e-02
1.178066991269588470e-02
1.178066991269588470e-02
1.178066991269588470e-02
3.064516559243202209e-02
3.064516559243202209e-02
3.064516559243202209e-02
3.064516559243202209e-02
3.064516559243202209e-02
-4.620189964771270752e-02
-4.620189964771270752e-02
-4.620189964771270752e-02
-4.620189964771270752e-02
-4.620189964771270752e-02
-2.508509159088134766e-02
-2.508509159088134766e-02
-2.508509159088134766e-02
-2.508509159088134766e-02
-2.508509159088134766e-02
1.924146898090839386e-03
1.924146898090839386e-03
1.924146898090839386e-03
1.924146898090839386e-03
1.924146898090839386e-03
-4.397386312484741211e-02
-4.397386312484741211e-02
-4.397386312484741211e-02
-4.397386312484741211e-02
-4.397386312484741211e-02
-2.857032977044582367e-02
-2.857032977044582367e-02
-2.857032977044582367e-02
-2.857032977044582367e-02
-2.857032977044582367e-02
9.875527024269104004e-02
9.875527024269104004e-02
9.875527024269104004e-02
9.875527024269104004e-02
9.875527024269104004e-02
2.632592245936393738e-02
2.632592245936393738e-02
2.632592245936393738e-02
2.632592245936393738e-02
2.632592245936393738e-02
-2.106517739593982697e-02
-2.106517739593982697e-02
-2.106517739593982697e-02
-2.106517739593982697e-02
-2.106517739593982697e-02
-1.755739375948905945e-02
-1.755739375948905945e-02
-1.755739375948905945e-02
-1.755739375948905945e-02
-1.755739375948905945e-02
1.103008049540221691e-03
1.103008049540221691e-03
1.103008049540221691e-03
1.103008049540221691e-03
1.103008049540221691e-03
3.384981676936149597e-02
3.384981676936149597e-02
3.384981676936149597e-02
3.384981676936149597e-02
3.384981676936149597e-02
9.240986779332160950e-03
9.240986779332160950e-03
9.240986779332160950e-03
9.240986779332160950e-03
9.240986779332160950e-03
-9.796544909477233887e-03
-9.796544909477233887e-03
-9.796544909477233887e-03
-9.796544909477233887e-03
-9.796544909477233887e-03
8.793639950454235077e-03
8.793639950454235077e-03
8.793639950454235077e-03
8.793639950454235077e-03
8.793639950454235077e-03
-1.164579950273036957e-02
-1.164579950273036957e-02
-1.164579950273036957e-02
-1.164579950273036957e-02
-1.164579950273036957e-02
4.149995744228363037e-02
4.149995744228363037e-02
4.149995744228363037e-02
4.149995744228363037e-02
4.149995744228363037e-02
4.806058015674352646e-03
4.806058015674352646e-03
4.806058015674352646e-03
4.806058015674352646e-03
4.806058015674352646e-03
-7.753681857138872147e-03
-7.753681857138872147e-03
-7.753681857138872147e-03
-7.753681857138872147e-03
-7.753681857138872147e-03
-8.916866034269332886e-03
-8.916866034269332886e-03
-8.916866034269332886e-03
-8.916866034269332886e-03
-8.916866034269332886e-03
-4.205137491226196289e-02
-4.205137491226196289e-02
-4.205137491226196289e-02
-4.205137491226196289e-02
-4.205137491226196289e-02
-7.434863597154617310e-02
-7.434863597154617310e-02
-7.434863597154617310e-02
-7.434863597154617310e-02
-7.434863597154617310e-02
1.402971148490905762e-02
1.402971148490905762e-02
1.402971148490905762e-02
1.402971148490905762e-02
1.402971148490905762e-02
3.431670367717742920e-02
3.431670367717742920e-02
3.431670367717742920e-02
3.431670367717742920e-02
3.431670367717742920e-02
-2.831915626302361488e-03
-2.831915626302361488e-03
-2.831915626302361488e-03
-2.831915626302361488e-03
-2.831915626302361488e-03
1.204390637576580048e-02
1.204390637576580048e-02
1.204390637576580048e-02
1.204390637576580048e-02
1.204390637576580048e-02
2.692217193543910980e-02
2.692217193543910980e-02
2.692217193543910980e-02
2.692217193543910980e-02
2.692217193543910980e-02
1.515940763056278229e-02
1.515940763056278229e-02
1.515940763056278229e-02
1.515940763056278229e-02
1.515940763056278229e-02
4.422652535140514374e-03
4.422652535140514374e-03
4.422652535140514374e-03
4.422652535140514374e-03
4.422652535140514374e-03
3.975984081625938416e-02
3.975984081625938416e-02
3.975984081625938416e-02
3.975984081625938416e-02
3.975984081625938416e-02
6.003282498568296432e-03
6.003282498568296432e-03
6.003282498568296432e-03
6.003282498568296432e-03
6.003282498568296432e-03
-2.871678024530410767e-02
-2.871678024530410767e-02
-2.871678024530410767e-02
-2.871678024530410767e-02
-2.871678024530410767e-02
-3.011135756969451904e-02
-3.011135756969451904e-02
-3.011135756969451904e-02
-3.011135756969451904e-02
-3.011135756969451904e-02
-6.908350624144077301e-03
-6.908350624144077301e-03
-6.908350624144077301e-03
-6.908350624144077301e-03
-6.908350624144077301e-03
-9.370246902108192444e-03
-9.370246902108192444e-03
-9.370246902108192444e-03
-9.370246902108192444e-03
-9.370246902108192444e-03
5.616167560219764709e-03
5.616167560219764709e-03
5.616167560219764709e-03
5.616167560219764709e-03
5.616167560219764709e-03
6.711657624691724777e-03
6.711657624691724777e-03
6.711657624691724777e-03
6.711657624691724777e-03
6.711657624691724777e-03
-3.397992812097072601e-03
-3.397992812097072601e-03
-3.397992812097072601e-03
-3.397992812097072601e-03
-3.397992812097072601e-03
4.613584652543067932e-02
4.613584652543067932e-02
4.613584652543067932e-02
4.613584652543067932e-02
4.613584652543067932e-02
-4.041007161140441895e-02
-4.041007161140441895e-02
-4.041007161140441895e-02
-4.041007161140441895e-02
-4.041007161140441895e-02
-2.933450741693377495e-03
-2.933450741693377495e-03
-2.933450741693377495e-03
-2.933450741693377495e-03
-2.933450741693377495e-03
9.599925950169563293e-03
9.599925950169563293e-03
9.599925950169563293e-03
9.599925950169563293e-03
9.599925950169563293e-03
-3.276798501610755920e-02
-3.276798501610755920e-02
-3.276798501610755920e-02
-3.276798501610755920e-02
-3.276798501610755920e-02
-1.172212604433298111e-02
-1.172212604433298111e-02
-1.172212604433298111e-02
-1.172212604433298111e-02
-1.172212604433298111e-02
6.205097958445549011e-02
6.205097958445549011e-02
6.205097958445549011e-02
6.205097958445549011e-02
6.205097958445549011e-02
4.992945119738578796e-02
4.992945119738578796e-02
4.992945119738578796e-02
4.992945119738578796e-02
4.992945119738578796e-02
-4.358132928609848022e-02
-4.358132928609848022e-02
-4.358132928609848022e-02
-4.358132928609848022e-02
-4.358132928609848022e-02
2.616147277876734734e-03
2.616147277876734734e-03
2.616147277876734734e-03
2.616147277876734734e-03
2.616147277876734734e-03
4.149689152836799622e-02
4.149689152836799622e-02
4.149689152836799622e-02
4.149689152836799622e-02
4.149689152836799622e-02
2.956275455653667450e-02
2.956275455653667450e-02
2.956275455653667450e-02
2.956275455653667450e-02
2.956275455653667450e-02
-9.482390247285366058e-03
-9.482390247285366058e-03
-9.482390247285366058e-03
-9.482390247285366058e-03
-9.482390247285366058e-03
-4.526807367801666260e-02
-4.526807367801666260e-02
-4.526807367801666260e-02
-4.526807367801666260e-02
-4.526807367801666260e-02
2.966047264635562897e-02
2.966047264635562897e-02
2.966047264635562897e-02
2.966047264635562897e-02
2.966047264635562897e-02
9.616481140255928040e-03
9.616481140255928040e-03
9.616481140255928040e-03
9.616481140255928040e-03
9.616481140255928040e-03
1.839211583137512207e-02
1.839211583137512207e-02
1.839211583137512207e-02
1.839211583137512207e-02
1.839211583137512207e-02
-1.192835345864295959e-02
-1.192835345864295959e-02
-1.192835345864295959e-02
-1.192835345864295959e-02
-1.192835345864295959e-02
-1.415565516799688339e-02
-1.415565516799688339e-02
-1.415565516799688339e-02
-1.415565516799688339e-02
-1.415565516799688339e-02
4.955179616808891296e-02
4.955179616808891296e-02
4.955179616808891296e-02
4.955179616808891296e-02
4.955179616808891296e-02
2.463866956532001495e-02
2.463866956532001495e-02
2.463866956532001495e-02
2.463866956532001495e-02
2.463866956532001495e-02
-1.373050082474946976e-02
-1.373050082474946976e-02
-1.373050082474946976e-02
-1.373050082474946976e-02
-1.373050082474946976e-02
-7.055430673062801361e-03
-7.055430673062801361e-03
-7.055430673062801361e-03
-7.055430673062801361e-03
-7.055430673062801361e-03
-1.691965572535991669e-02
-1.691965572535991669e-02
-1.691965572535991669e-02
-1.691965572535991669e-02
-1.691965572535991669e-02
3.999127075076103210e-02
3.999127075076103210e-02
3.999127075076103210e-02
3.999127075076103210e-02
3.999127075076103210e-02
2.857781201601028442e-02
2.857781201601028442e-02
2.857781201601028442e-02
2.857781201601028442e-02
2.857781201601028442e-02
4.153803456574678421e-04
4.153803456574678421e-04
4.153803456574678421e-04
4.153803456574678421e-04
4.153803456574678421e-04
5.859298631548881531e-02
5.859298631548881531e-02
5.859298631548881531e-02
5.859298631548881531e-02
5.859298631548881531e-02
2.131057903170585632e-02
2.131057903170585632e-02
2.131057903170585632e-02
2.131057903170585632e-02
2.131057903170585632e-02
-1.383735332638025284e-03
-1.383735332638025284e-03
-1.383735332638025284e-03
-1.383735332638025284e-03
-1.383735332638025284e-03
-1.943922601640224457e-02
-1.943922601640224457e-02
-1.943922601640224457e-02
-1.943922601640224457e-02
-1.943922601640224457e-02
-3.100003674626350403e-02
-3.100003674626350403e-02
-3.100003674626350403e-02
-3.100003674626350403e-02
-3.100003674626350403e-02
9.351370856165885925e-03
9.351370856165885925e-03
9.351370856165885925e-03
9.351370856165885925e-03
9.351370856165885925e-03
-1.898214966058731079e-02
-1.898214966058731079e-02
-1.898214966058731079e-02
-1.898214966058731079e-02
-1.898214966058731079e-02
3.328453749418258667e-02
3.328453749418258667e-02
3.328453749418258667e-02
3.328453749418258667e-02
3.328453749418258667e-02
-3.946978598833084106e-02
-3.946978598833084106e-02
-3.946978598833084106e-02
-3.946978598833084106e-02
-3.946978598833084106e-02
-1.181664783507585526e-02
-1.181664783507585526e-02
-1.181664783507585526e-02
-1.181664783507585526e-02
-1.181664783507585526e-02
-2.998515404760837555e-02
-2.998515404760837555e-02
-2.998515404760837555e-02
-2.998515404760837555e-02
-2.998515404760837555e-02
-3.856704756617546082e-02
-3.856704756617546082e-02
-3.856704756617546082e-02
-3.856704756617546082e-02
-3.856704756617546082e-02
-6.481457501649856567e-03
-6.481457501649856567e-03
-6.481457501649856567e-03
-6.481457501649856567e-03
-6.481457501649856567e-03
4.037315025925636292e-02
4.037315025925636292e-02
4.037315025925636292e-02
4.037315025925636292e-02
4.037315025925636292e-02
-2.557186409831047058e-02
-2.557186409831047058e-02
-2.557186409831047058e-02
-2.557186409831047058e-02
-2.557186409831047058e-02
-4.928929358720779419e-02
-4.928929358720779419e-02
-4.928929358720779419e-02
-4.928929358720779419e-02
-4.928929358720779419e-02
-2.686711726710200310e-03
-2.686711726710200310e-03
-2.686711726710200310e-03
-2.686711726710200310e-03
-2.686711726710200310e-03
-9.895273484289646149e-03
-9.895273484289646149e-03
-9.895273484289646149e-03
-9.895273484289646149e-03
-9.895273484289646149e-03
-2.866242779418826103e-03
-2.866242779418826103e-03
-2.866242779418826103e-03
-2.866242779418826103e-03
-2.866242779418826103e-03
-2.952991239726543427e-02
-2.952991239726543427e-02
-2.952991239726543427e-02
-2.952991239726543427e-02
-2.952991239726543427e-02
-1.759789325296878815e-02
-1.759789325296878815e-02
-1.759789325296878815e-02
-1.759789325296878815e-02
-1.759789325296878815e-02
-3.872430324554443359e-02
-3.872430324554443359e-02
-3.872430324554443359e-02
-3.872430324554443359e-02
-3.872430324554443359e-02
-9.537857025861740112e-03
-9.537857025861740112e-03
-9.537857025861740112e-03
-9.537857025861740112e-03
-9.537857025861740112e-03
4.772683978080749512e-02
4.772683978080749512e-02
4.772683978080749512e-02
4.772683978080749512e-02
4.772683978080749512e-02
3.560645133256912231e-02
3.560645133256912231e-02
3.560645133256912231e-02
3.560645133256912231e-02
3.560645133256912231e-02
-1.052413694560527802e-02
-1.052413694560527802e-02
-1.052413694560527802e-02
-1.052413694560527802e-02
-1.052413694560527802e-02
6.753271818161010742e-02
6.753271818161010742e-02
6.753271818161010742e-02
6.753271818161010742e-02
6.753271818161010742e-02
2.209722436964511871e-02
2.209722436964511871e-02
2.209722436964511871e-02
2.209722436964511871e-02
2.209722436964511871e-02
-5.203321948647499084e-02
-5.203321948647499084e-02
-5.203321948647499084e-02
-5.203321948647499084e-02
-5.203321948647499084e-02
1.062218658626079559e-02
1.062218658626079559e-02
1.062218658626079559e-02
1.062218658626079559e-02
1.062218658626079559e-02
-2.830880880355834961e-02
-2.830880880355834961e-02
-2.830880880355834961e-02
-2.830880880355834961e-02
-2.830880880355834961e-02
4.960701335221529007e-04
4.960701335221529007e-04
4.960701335221529007e-04
4.960701335221529007e-04
4.960701335221529007e-04
8.653156459331512451e-03
8.653156459331512451e-03
8.653156459331512451e-03
8.653156459331512451e-03
8.653156459331512451e-03
1.309579331427812576e-02
1.309579331427812576e-02
1.309579331427812576e-02
1.309579331427812576e-02
1.309579331427812576e-02
-5.034201219677925110e-02
-5.034201219677925110e-02
-5.034201219677925110e-02
-5.034201219677925110e-02
-5.034201219677925110e-02
9.325977414846420288e-03
9.325977414846420288e-03
9.325977414846420288e-03
9.325977414846420288e-03
9.325977414846420288e-03
5.266328528523445129e-02
5.266328528523445129e-02
5.266328528523445129e-02
5.266328528523445129e-02
5.266328528523445129e-02
-5.251767858862876892e-02
-5.251767858862876892e-02
-5.251767858862876892e-02
-5.251767858862876892e-02
-5.251767858862876892e-02
-1.817474700510501862e-02
-1.817474700510501862e-02
-1.817474700510501862e-02
-1.817474700510501862e-02
-1.817474700510501862e-02
-1.567393913865089417e-02
-1.567393913865089417e-02
-1.567393913865089417e-02
-1.567393913865089417e-02
-1.567393913865089417e-02
-8.565073832869529724e-03
-8.565073832869529724e-03
-8.565073832869529724e-03
-8.565073832869529724e-03
-8.565073832869529724e-03
2.153142727911472321e-02
2.153142727911472321e-02
2.153142727911472321e-02
2.153142727911472321e-02
2.153142727911472321e-02
5.222884565591812134e-02
5.222884565591812134e-02
5.222884565591812134e-02
5.222884565591812134e-02
5.222884565591812134e-02
-9.128957055509090424e-03
-9.128957055509090424e-03
-9.128957055509090424e-03
-9.128957055509090424e-03
-9.128957055509090424e-03
1.369245466776192188e-03
1.369245466776192188e-03
1.369245466776192188e-03
1.369245466776192188e-03
1.369245466776192188e-03
3.117322921752929688e-02
3.117322921752929688e-02
3.117322921752929688e-02
3.117322921752929688e-02
3.117322921752929688e-02
4.090445488691329956e-02
4.090445488691329956e-02
4.090445488691329956e-02
4.090445488691329956e-02
4.090445488691329956e-02
2.754554525017738342e-02
2.754554525017738342e-02
2.754554525017738342e-02
2.754554525017738342e-02
2.754554525017738342e-02
-4.355629533529281616e-02
-4.355629533529281616e-02
-4.355629533529281616e-02
-4.355629533529281616e-02
-4.355629533529281616e-02
2.113537304103374481e-02
2.113537304103374481e-02
2.113537304103374481e-02
2.113537304103374481e-02
2.113537304103374481e-02
4.587236046791076660e-02
4.587236046791076660e-02
4.587236046791076660e-02
4.587236046791076660e-02
4.587236046791076660e-02
1.757422834634780884e-02
1.757422834634780884e-02
1.757422834634780884e-02
1.757422834634780884e-02
1.757422834634780884e-02
-3.904331475496292114e-02
-3.904331475496292114e-02
-3.904331475496292114e-02
-3.904331475496292114e-02
-3.904331475496292114e-02
-5.088431760668754578e-02
-5.088431760668754578e-02
-5.088431760668754578e-02
-5.088431760668754578e-02
-5.088431760668754578e-02
-2.144530974328517914e-02
-2.144530974328517914e-02
-2.144530974328517914e-02
-2.144530974328517914e-02
-2.144530974328517914e-02
1.796971075236797333e-03
1.796971075236797333e-03
1.796971075236797333e-03
1.796971075236797333e-03
1.796971075236797333e-03
-9.857960045337677002e-03
-9.857960045337677002e-03
-9.857960045337677002e-03
-9.857960045337677002e-03
-9.857960045337677002e-03
-3.297243500128388405e-03
-3.297243500128388405e-03
-3.297243500128388405e-03
-3.297243500128388405e-03
-3.297243500128388405e-03
3.438609465956687927e-02
3.438609465956687927e-02
3.438609465956687927e-02
3.438609465956687927e-02
3.438609465956687927e-02
-9.409581311047077179e-03
-9.409581311047077179e-03
-9.409581311047077179e-03
-9.409581311047077179e-03
-9.409581311047077179e-03
-1.416711509227752686e-02
-1.416711509227752686e-02
-1.416711509227752686e-02
-1.416711509227752686e-02
-1.416711509227752686e-02
-3.272499889135360718e-03
-3.272499889135360718e-03
-3.272499889135360718e-03
-3.272499889135360718e-03
-3.272499889135360718e-03
-4.841106384992599487e-02
-4.841106384992599487e-02
-4.841106384992599487e-02
-4.841106384992599487e-02
-4.841106384992599487e-02
-2.340864948928356171e-02
-2.340864948928356171e-02
-2.340864948928356171e-02
-2.340864948928356171e-02
-2.340864948928356171e-02
-5.004909634590148926e-02
-5.004909634590148926e-02
-5.004909634590148926e-02
-5.004909634590148926e-02
-5.004909634590148926e-02
-4.368478432297706604e-02
-4.368478432297706604e-02
-4.368478432297706604e-02
-4.368478432297706604e-02
-4.368478432297706604e-02
7.685092091560363770e-02
7.685092091560363770e-02
7.685092091560363770e-02
7.685092091560363770e-02
7.685092091560363770e-02
5.357330292463302612e-02
5.357330292463302612e-02
5.357330292463302612e-02
5.357330292463302612e-02
5.357330292463302612e-02
5.474360659718513489e-02
5.474360659718513489e-02
5.474360659718513489e-02
5.474360659718513489e-02
5.474360659718513489e-02
-3.969571739435195923e-02
-3.969571739435195923e-02
-3.969571739435195923e-02
-3.969571739435195923e-02
-3.969571739435195923e-02
7.642410695552825928e-02
7.642410695552825928e-02
7.642410695552825928e-02
7.642410695552825928e-02
7.642410695552825928e-02
6.382154673337936401e-02
6.382154673337936401e-02
6.382154673337936401e-02
6.382154673337936401e-02
6.382154673337936401e-02
7.919404655694961548e-03
7.919404655694961548e-03
7.919404655694961548e-03
7.919404655694961548e-03
7.919404655694961548e-03
-1.843447797000408173e-02
-1.843447797000408173e-02
-1.843447797000408173e-02
-1.843447797000408173e-02
-1.843447797000408173e-02
3.649036586284637451e-02
3.649036586284637451e-02
3.649036586284637451e-02
3.649036586284637451e-02
3.649036586284637451e-02
3.296441212296485901e-02
3.296441212296485901e-02
3.296441212296485901e-02
3.296441212296485901e-02
3.296441212296485901e-02
4.514898732304573059e-02
4.514898732304573059e-02
4.514898732304573059e-02
4.514898732304573059e-02
4.514898732304573059e-02
9.320345707237720490e-04
9.320345707237720490e-04
9.320345707237720490e-04
9.320345707237720490e-04
9.320345707237720490e-04
-3.044091537594795227e-02
-3.044091537594795227e-02
-3.044091537594795227e-02
-3.044091537594795227e-02
-3.044091537594795227e-02
-2.004218986257910728e-03
-2.004218986257910728e-03
-2.004218986257910728e-03
-2.004218986257910728e-03
-2.004218986257910728e-03
-1.093497592955827713e-02
-1.093497592955827713e-02
-1.093497592955827713e-02
-1.093497592955827713e-02
-1.093497592955827713e-02
5.302145611494779587e-03
5.302145611494779587e-03
5.302145611494779587e-03
5.302145611494779587e-03
5.302145611494779587e-03
-3.973119333386421204e-02
-3.973119333386421204e-02
-3.973119333386421204e-02
-3.973119333386421204e-02
-3.973119333386421204e-02
3.490285947918891907e-03
3.490285947918891907e-03
3.490285947918891907e-03
3.490285947918891907e-03
3.490285947918891907e-03
3.718310222029685974e-02
3.718310222029685974e-02
3.718310222029685974e-02
3.718310222029685974e-02
3.718310222029685974e-02
-4.949918761849403381e-02
-4.949918761849403381e-02
-4.949918761849403381e-02
-4.949918761849403381e-02
-4.949918761849403381e-02
4.644288681447505951e-03
4.644288681447505951e-03
4.644288681447505951e-03
4.644288681447505951e-03
4.644288681447505951e-03
-1.247347053140401840e-02
-1.247347053140401840e-02
-1.247347053140401840e-02
-1.247347053140401840e-02
-1.247347053140401840e-02
-3.712229430675506592e-02
-3.712229430675506592e-02
-3.712229430675506592e-02
-3.712229430675506592e-02
-3.712229430675506592e-02
7.337654940783977509e-03
7.337654940783977509e-03
7.337654940783977509e-03
7.337654940783977509e-03
7.337654940783977509e-03
-1.011539250612258911e-02
-1.011539250612258911e-02
-1.011539250612258911e-02
-1.011539250612258911e-02
-1.011539250612258911e-02
-2.978003956377506256e-02
-2.978003956377506256e-02
-2.978003956377506256e-02
-2.978003956377506256e-02
-2.978003956377506256e-02
8.163372986018657684e-03
8.163372986018657684e-03
8.163372986018657684e-03
8.163372986018657684e-03
8.163372986018657684e-03
-1.673688925802707672e-02
-1.673688925802707672e-02
-1.673688925802707672e-02
-1.673688925802707672e-02
-1.673688925802707672e-02
6.251498311758041382e-02
6.251498311758041382e-02
6.251498311758041382e-02
6.251498311758041382e-02
6.251498311758041382e-02
4.878076538443565369e-02
4.878076538443565369e-02
4.878076538443565369e-02
4.878076538443565369e-02
4.878076538443565369e-02
-2.227180451154708862e-02
-2.227180451154708862e-02
-2.227180451154708862e-02
-2.227180451154708862e-02
-2.227180451154708862e-02
3.415558859705924988e-02
3.415558859705924988e-02
3.415558859705924988e-02
3.415558859705924988e-02
3.415558859705924988e-02
3.549114800989627838e-03
3.549114800989627838e-03
3.549114800989627838e-03
3.549114800989627838e-03
3.549114800989627838e-03
-4.536318033933639526e-02
-4.536318033933639526e-02
-4.536318033933639526e-02
-4.536318033933639526e-02
-4.536318033933639526e-02
6.136699579656124115e-03
6.136699579656124115e-03
6.136699579656124115e-03
6.136699579656124115e-03
6.136699579656124115e-03
-1.745498366653919220e-02
-1.745498366653919220e-02
-1.745498366653919220e-02
-1.745498366653919220e-02
-1.745498366653919220e-02
1.436417177319526672e-02
1.436417177319526672e-02
1.436417177319526672e-02
1.436417177319526672e-02
1.436417177319526672e-02
-4.820508882403373718e-02
-4.820508882403373718e-02
-4.820508882403373718e-02
-4.820508882403373718e-02
-4.820508882403373718e-02
-1.480977516621351242e-02
-1.480977516621351242e-02
-1.480977516621351242e-02
-1.480977516621351242e-02
-1.480977516621351242e-02
3.058122936636209488e-03
3.058122936636209488e-03
3.058122936636209488e-03
3.058122936636209488e-03
3.058122936636209488e-03
6.775499135255813599e-02
6.775499135255813599e-02
6.775499135255813599e-02
6.775499135255813599e-02
6.775499135255813599e-02
-4.486204311251640320e-02
-4.486204311251640320e-02
-4.486204311251640320e-02
-4.486204311251640320e-02
-4.486204311251640320e-02
4.795592278242111206e-03
4.795592278242111206e-03
4.795592278242111206e-03
4.795592278242111206e-03
4.795592278242111206e-03
2.366166561841964722e-03
2.366166561841964722e-03
2.366166561841964722e-03
2.366166561841964722e-03
2.366166561841964722e-03
3.083318658173084259e-02
3.083318658173084259e-02
3.083318658173084259e-02
3.083318658173084259e-02
3.083318658173084259e-02
-2.987688966095447540e-02
-2.987688966095447540e-02
-2.987688966095447540e-02
-2.987688966095447540e-02
-2.987688966095447540e-02
9.792501106858253479e-03
9.792501106858253479e-03
9.792501106858253479e-03
9.792501106858253479e-03
9.792501106858253479e-03
2.237332053482532501e-02
2.237332053482532501e-02
2.237332053482532501e-02
2.237332053482532501e-02
2.237332053482532501e-02
-2.075622975826263428e-02
-2.075622975826263428e-02
-2.075622975826263428e-02
-2.075622975826263428e-02
-2.075622975826263428e-02
-1.435507275164127350e-02
-1.435507275164127350e-02
-1.435507275164127350e-02
-1.435507275164127350e-02
-1.435507275164127350e-02
1.888622157275676727e-02
1.888622157275676727e-02
1.888622157275676727e-02
1.888622157275676727e-02
1.888622157275676727e-02
2.189516648650169373e-02
2.189516648650169373e-02
2.189516648650169373e-02
2.189516648650169373e-02
2.189516648650169373e-02
-1.428603380918502808e-02
-1.428603380918502808e-02
-1.428603380918502808e-02
-1.428603380918502808e-02
-1.428603380918502808e-02
9.842496365308761597e-03
9.842496365308761597e-03
9.842496365308761597e-03
9.842496365308761597e-03
9.842496365308761597e-03
5.749282985925674438e-02
5.749282985925674438e-02
5.749282985925674438e-02
5.749282985925674438e-02
5.749282985925674438e-02
3.116927295923233032e-02
3.116927295923233032e-02
3.116927295923233032e-02
3.116927295923233032e-02
3.116927295923233032e-02
-1.271574664860963821e-02
-1.271574664860963821e-02
-1.271574664860963821e-02
-1.271574664860963821e-02
-1.271574664860963821e-02
-1.374196074903011322e-02
-1.374196074903011322e-02
-1.374196074903011322e-02
-1.374196074903011322e-02
-1.374196074903011322e-02
-7.002001628279685974e-03
-7.002001628279685974e-03
-7.002001628279685974e-03
-7.002001628279685974e-03
-7.002001628279685974e-03
-1.183897536247968674e-02
-1.183897536247968674e-02
-1.183897536247968674e-02
-1.183897536247968674e-02
-1.183897536247968674e-02
-4.419956356287002563e-02
-4.419956356287002563e-02
-4.419956356287002563e-02
-4.419956356287002563e-02
-4.419956356287002563e-02
2.046976424753665924e-02
2.046976424753665924e-02
2.046976424753665924e-02
2.046976424753665924e-02
2.046976424753665924e-02
-3.749410621821880341e-03
-3.749410621821880341e-03
-3.749410621821880341e-03
-3.749410621821880341e-03
-3.749410621821880341e-03
-1.374387741088867188e-02
-1.374387741088867188e-02
-1.374387741088867188e-02
-1.374387741088867188e-02
-1.374387741088867188e-02
-3.739751875400543213e-02
-3.739751875400543213e-02
-3.739751875400543213e-02
-3.739751875400543213e-02
-3.739751875400543213e-02
-8.060035109519958496e-02
-8.060035109519958496e-02
-8.060035109519958496e-02
-8.060035109519958496e-02
-8.060035109519958496e-02
4.855596646666526794e-02
4.855596646666526794e-02
4.855596646666526794e-02
4.855596646666526794e-02
4.855596646666526794e-02
-1.367160864174365997e-02
-1.367160864174365997e-02
-1.367160864174365997e-02
-1.367160864174365997e-02
-1.367160864174365997e-02
-3.617480024695396423e-02
-3.617480024695396423e-02
-3.617480024695396423e-02
-3.617480024695396423e-02
-3.617480024695396423e-02
1.992793008685112000e-02
1.992793008685112000e-02
1.992793008685112000e-02
1.992793008685112000e-02
1.992793008685112000e-02
7.670274004340171814e-03
7.670274004340171814e-03
7.670274004340171814e-03
7.670274004340171814e-03
7.670274004340171814e-03
-2.900068648159503937e-02
-2.900068648159503937e-02
-2.900068648159503937e-02
-2.900068648159503937e-02
-2.900068648159503937e-02
5.357461515814065933e-03
5.357461515814065933e-03
5.357461515814065933e-03
5.357461515814065933e-03
5.357461515814065933e-03
4.561123624444007874e-02
4.561123624444007874e-02
4.561123624444007874e-02
4.561123624444007874e-02
4.561123624444007874e-02
2.016444317996501923e-02
2.016444317996501923e-02
2.016444317996501923e-02
2.016444317996501923e-02
2.016444317996501923e-02
-1.859232038259506226e-02
-1.859232038259506226e-02
-1.859232038259506226e-02
-1.859232038259506226e-02
-1.859232038259506226e-02
6.513295229524374008e-03
6.513295229524374008e-03
6.513295229524374008e-03
6.513295229524374008e-03
6.513295229524374008e-03
5.018216371536254883e-02
5.018216371536254883e-02
5.018216371536254883e-02
5.018216371536254883e-02
5.018216371536254883e-02
1.502683386206626892e-03
1.502683386206626892e-03
1.502683386206626892e-03
1.502683386206626892e-03
1.502683386206626892e-03
6.724159233272075653e-03
6.724159233272075653e-03
6.724159233272075653e-03
6.724159233272075653e-03
6.724159233272075653e-03
1.967538410099223256e-04
1.967538410099223256e-04
1.967538410099223256e-04
1.967538410099223256e-04
1.967538410099223256e-04
5.192888528108596802e-02
5.192888528108596802e-02
5.192888528108596802e-02
5.192888528108596802e-02
5.192888528108596802e-02
-2.616597339510917664e-02
-2.616597339510917664e-02
-2.616597339510917664e-02
-2.616597339510917664e-02
-2.616597339510917664e-02
1.108695007860660553e-02
1.108695007860660553e-02
1.108695007860660553e-02
1.108695007860660553e-02
1.108695007860660553e-02
3.344962606206536293e-03
3.344962606206536293e-03
3.344962606206536293e-03
3.344962606206536293e-03
3.344962606206536293e-03
-4.318137839436531067e-02
-4.318137839436531067e-02
-4.318137839436531067e-02
-4.318137839436531067e-02
-4.318137839436531067e-02
-1.613053120672702789e-02
-1.613053120672702789e-02
-1.613053120672702789e-02
-1.613053120672702789e-02
-1.613053120672702789e-02
-4.294023383408784866e-03
-4.294023383408784866e-03
-4.294023383408784866e-03
-4.294023383408784866e-03
-4.294023383408784866e-03
6.746459007263183594e-02
6.746459007263183594e-02
6.746459007263183594e-02
6.746459007263183594e-02
6.746459007263183594e-02
2.275411598384380341e-02
2.275411598384380341e-02
2.275411598384380341e-02
2.275411598384380341e-02
2.275411598384380341e-02
-3.377528861165046692e-02
-3.377528861165046692e-02
-3.377528861165046692e-02
-3.377528861165046692e-02
-3.377528861165046692e-02
-7.919194176793098450e-03
-7.919194176793098450e-03
-7.919194176793098450e-03
-7.919194176793098450e-03
-7.919194176793098450e-03
4.905123636126518250e-02
4.905123636126518250e-02
4.905123636126518250e-02
4.905123636126518250e-02
4.905123636126518250e-02
-3.454764559864997864e-02
-3.454764559864997864e-02
-3.454764559864997864e-02
-3.454764559864997864e-02
-3.454764559864997864e-02
-3.450246900320053101e-02
-3.450246900320053101e-02
-3.450246900320053101e-02
-3.450246900320053101e-02
-3.450246900320053101e-02
2.143844403326511383e-02
2.143844403326511383e-02
2.143844403326511383e-02
2.143844403326511383e-02
2.143844403326511383e-02
-2.891170559450984001e-03
-2.891170559450984001e-03
-2.891170559450984001e-03
-2.891170559450984001e-03
-2.891170559450984001e-03
1.023075659759342670e-03
1.023075659759342670e-03
1.023075659759342670e-03
1.023075659759342670e-03
1.023075659759342670e-03
-6.619514524936676025e-02
-6.619514524936676025e-02
-6.619514524936676025e-02
-6.619514524936676025e-02
-6.619514524936676025e-02
8.188427239656448364e-02
8.188427239656448364e-02
8.188427239656448364e-02
8.188427239656448364e-02
8.188427239656448364e-02
-1.177390292286872864e-02
-1.177390292286872864e-02
-1.177390292286872864e-02
-1.177390292286872864e-02
-1.177390292286872864e-02
2.540245838463306427e-02
2.540245838463306427e-02
2.540245838463306427e-02
2.540245838463306427e-02
2.540245838463306427e-02
8.237671852111816406e-02
8.237671852111816406e-02
8.237671852111816406e-02
8.237671852111816406e-02
8.237671852111816406e-02
6.815169472247362137e-04
6.815169472247362137e-04
6.815169472247362137e-04
6.815169472247362137e-04
6.815169472247362137e-04
-2.591541595757007599e-02
-2.591541595757007599e-02
-2.591541595757007599e-02
-2.591541595757007599e-02
-2.591541595757007599e-02
2.586041018366813660e-02
2.586041018366813660e-02
2.586041018366813660e-02
2.586041018366813660e-02
2.586041018366813660e-02
6.293690297752618790e-03
6.293690297752618790e-03
6.293690297752618790e-03
6.293690297752618790e-03
6.293690297752618790e-03
-3.062441386282444000e-02
-3.062441386282444000e-02
-3.062441386282444000e-02
-3.062441386282444000e-02
-3.062441386282444000e-02
1.325605437159538269e-02
1.325605437159538269e-02
1.325605437159538269e-02
1.325605437159538269e-02
1.325605437159538269e-02
1.620395667850971222e-02
1.620395667850971222e-02
1.620395667850971222e-02
1.620395667850971222e-02
1.620395667850971222e-02
1.671770215034484863e-02
1.671770215034484863e-02
1.671770215034484863e-02
1.671770215034484863e-02
1.671770215034484863e-02
7.256374694406986237e-03
7.256374694406986237e-03
7.256374694406986237e-03
7.256374694406986237e-03
7.256374694406986237e-03
1.965285837650299072e-02
1.965285837650299072e-02
1.965285837650299072e-02
1.965285837650299072e-02
1.965285837650299072e-02
3.371938690543174744e-02
3.371938690543174744e-02
3.371938690543174744e-02
3.371938690543174744e-02
3.371938690543174744e-02
1.756061334162950516e-03
1.756061334162950516e-03
1.756061334162950516e-03
1.756061334162950516e-03
1.756061334162950516e-03
-5.243095103651285172e-03
-5.243095103651285172e-03
-5.243095103651285172e-03
-5.243095103651285172e-03
-5.243095103651285172e-03
5.715506151318550110e-02
5.715506151318550110e-02
5.715506151318550110e-02
5.715506151318550110e-02
5.715506151318550110e-02
-1.519826892763376236e-02
-1.519826892763376236e-02
-1.519826892763376236e-02
-1.519826892763376236e-02
-1.519826892763376236e-02
-8.246029610745608807e-04
-8.246029610745608807e-04
-8.246029610745608807e-04
-8.246029610745608807e-04
-8.246029610745608807e-04
1.308605897065717727e-05
1.308605897065717727e-05
1.308605897065717727e-05
1.308605897065717727e-05
1.308605897065717727e-05
-3.298132866621017456e-02
-3.298132866621017456e-02
-3.298132866621017456e-02
-3.298132866621017456e-02
-3.298132866621017456e-02
7.593679707497358322e-03
7.593679707497358322e-03
7.593679707497358322e-03
7.593679707497358322e-03
7.593679707497358322e-03
-1.694661751389503479e-02
-1.694661751389503479e-02
-1.694661751389503479e-02
-1.694661751389503479e-02
-1.694661751389503479e-02
-3.540313616394996643e-02
-3.540313616394996643e-02
-3.540313616394996643e-02
-3.540313616394996643e-02
-3.540313616394996643e-02
-4.040255025029182434e-02
-4.040255025029182434e-02
-4.040255025029182434e-02
-4.040255025029182434e-02
-4.040255025029182434e-02
-3.571202605962753296e-02
-3.571202605962753296e-02
-3.571202605962753296e-02
-3.571202605962753296e-02
-3.571202605962753296e-02
-1.815226487815380096e-02
-1.815226487815380096e-02
-1.815226487815380096e-02
-1.815226487815380096e-02
-1.815226487815380096e-02
1.988617703318595886e-02
1.988617703318595886e-02
1.988617703318595886e-02
1.988617703318595886e-02
1.988617703318595886e-02
-4.274838790297508240e-02
-4.274838790297508240e-02
-4.274838790297508240e-02
-4.274838790297508240e-02
-4.274838790297508240e-02
-4.579018568620085716e-04
-4.579018568620085716e-04
-4.579018568620085716e-04
-4.579018568620085716e-04
-4.579018568620085716e-04
-1.774701662361621857e-02
-1.774701662361621857e-02
-1.774701662361621857e-02
-1.774701662361621857e-02
-1.774701662361621857e-02
2.562615461647510529e-02
2.562615461647510529e-02
2.562615461647510529e-02
2.562615461647510529e-02
2.562615461647510529e-02
6.901677232235670090e-03
6.901677232235670090e-03
6.901677232235670090e-03
6.901677232235670090e-03
6.901677232235670090e-03
1.702891103923320770e-02
1.702891103923320770e-02
1.702891103923320770e-02
1.702891103923320770e-02
1.702891103923320770e-02
4.633493721485137939e-02
4.633493721485137939e-02
4.633493721485137939e-02
4.633493721485137939e-02
4.633493721485137939e-02
3.615230694413185120e-02
3.615230694413185120e-02
3.615230694413185120e-02
3.615230694413185120e-02
3.615230694413185120e-02
3.002744354307651520e-02
3.002744354307651520e-02
3.002744354307651520e-02
3.002744354307651520e-02
3.002744354307651520e-02
-1.103278528898954391e-02
-1.103278528898954391e-02
-1.103278528898954391e-02
-1.103278528898954391e-02
-1.103278528898954391e-02
-1.981308497488498688e-02
-1.981308497488498688e-02
-1.981308497488498688e-02
-1.981308497488498688e-02
-1.981308497488498688e-02
-1.863954588770866394e-02
-1.863954588770866394e-02
-1.863954588770866394e-02
-1.863954588770866394e-02
-1.863954588770866394e-02
-7.212115917354822159e-03
-7.212115917354822159e-03
-7.212115917354822159e-03
-7.212115917354822159e-03
-7.212115917354822159e-03
-1.553608104586601257e-03
-1.553608104586601257e-03
-1.553608104586601257e-03
-1.553608104586601257e-03
-1.553608104586601257e-03
-3.982778266072273254e-02
-3.982778266072273254e-02
-3.982778266072273254e-02
-3.982778266072273254e-02
-3.982778266072273254e-02
-1.376572326989844441e-04
-1.376572326989844441e-04
-1.376572326989844441e-04
-1.376572326989844441e-04
-1.376572326989844441e-04
8.866406977176666260e-03
8.866406977176666260e-03
8.866406977176666260e-03
8.866406977176666260e-03
8.866406977176666260e-03
-1.229275483638048172e-02
-1.229275483638048172e-02
-1.229275483638048172e-02
-1.229275483638048172e-02
-1.229275483638048172e-02
2.672534994781017303e-02
2.672534994781017303e-02
2.672534994781017303e-02
2.672534994781017303e-02
2.672534994781017303e-02
-6.507221609354019165e-03
-6.507221609354019165e-03
-6.507221609354019165e-03
-6.507221609354019165e-03
-6.507221609354019165e-03
-6.552032381296157837e-02
-6.552032381296157837e-02
-6.552032381296157837e-02
-6.552032381296157837e-02
-6.552032381296157837e-02
-9.591755457222461700e-03
-9.591755457222461700e-03
-9.591755457222461700e-03
-9.591755457222461700e-03
-9.591755457222461700e-03
-1.230627112090587616e-02
-1.230627112090587616e-02
-1.230627112090587616e-02
-1.230627112090587616e-02
-1.230627112090587616e-02
-3.794342279434204102e-02
-3.794342279434204102e-02
-3.794342279434204102e-02
-3.794342279434204102e-02
-3.794342279434204102e-02
-3.894553519785404205e-04
-3.894553519785404205e-04
-3.894553519785404205e-04
-3.894553519785404205e-04
-3.894553519785404205e-04
-4.017052426934242249e-02
-4.017052426934242249e-02
-4.017052426934242249e-02
-4.017052426934242249e-02
-4.017052426934242249e-02
-9.975163266062736511e-03
-9.975163266062736511e-03
-9.975163266062736511e-03
-9.975163266062736511e-03
-9.975163266062736511e-03
1.184048131108283997e-02
1.184048131108283997e-02
1.184048131108283997e-02
1.184048131108283997e-02
1.184048131108283997e-02
2.012808620929718018e-02
2.012808620929718018e-02
2.012808620929718018e-02
2.012808620929718018e-02
2.012808620929718018e-02
-5.785483401268720627e-03
-5.785483401268720627e-03
-5.785483401268720627e-03
-5.785483401268720627e-03
-5.785483401268720627e-03
5.570119246840476990e-04
5.570119246840476990e-04
5.570119246840476990e-04
5.570119246840476990e-04
5.570119246840476990e-04
-3.344900533556938171e-02
-3.344900533556938171e-02
-3.344900533556938171e-02
-3.344900533556938171e-02
-3.344900533556938171e-02
-4.671229794621467590e-02
-4.671229794621467590e-02
-4.671229794621467590e-02
-4.671229794621467590e-02
-4.671229794621467590e-02
-3.080513142049312592e-02
-3.080513142049312592e-02
-3.080513142049312592e-02
-3.080513142049312592e-02
-3.080513142049312592e-02
1.689699850976467133e-02
1.689699850976467133e-02
1.689699850976467133e-02
1.689699850976467133e-02
1.689699850976467133e-02
2.476410381495952606e-02
2.476410381495952606e-02
2.476410381495952606e-02
2.476410381495952606e-02
2.476410381495952606e-02
2.453864738345146179e-02
2.453864738345146179e-02
2.453864738345146179e-02
2.453864738345146179e-02
2.453864738345146179e-02
-1.074356026947498322e-02
-1.074356026947498322e-02
-1.074356026947498322e-02
-1.074356026947498322e-02
-1.074356026947498322e-02
7.407353073358535767e-02
7.407353073358535767e-02
7.407353073358535767e-02
7.407353073358535767e-02
7.407353073358535767e-02
-4.549077153205871582e-02
-4.549077153205871582e-02
-4.549077153205871582e-02
-4.549077153205871582e-02
-4.549077153205871582e-02
3.410276491194963455e-03
3.410276491194963455e-03
3.410276491194963455e-03
3.410276491194963455e-03
3.410276491194963455e-03
-2.351961843669414520e-02
-2.351961843669414520e-02
-2.351961843669414520e-02
-2.351961843669414520e-02
-2.351961843669414520e-02
4.815745726227760315e-02
4.815745726227760315e-02
4.815745726227760315e-02
4.815745726227760315e-02
4.815745726227760315e-02
3.384707123041152954e-02
3.384707123041152954e-02
3.384707123041152954e-02
3.384707123041152954e-02
3.384707123041152954e-02
-1.032275892794132233e-02
-1.032275892794132233e-02
-1.032275892794132233e-02
-1.032275892794132233e-02
-1.032275892794132233e-02
-5.366840213537216187e-02
-5.366840213537216187e-02
-5.366840213537216187e-02
-5.366840213537216187e-02
-5.366840213537216187e-02
2.386223711073398590e-02
2.386223711073398590e-02
2.386223711073398590e-02
2.386223711073398590e-02
2.386223711073398590e-02
1.669085584580898285e-02
1.669085584580898285e-02
1.669085584580898285e-02
1.669085584580898285e-02
1.669085584580898285e-02
-2.197905414504930377e-04
-2.197905414504930377e-04
-2.197905414504930377e-04
-2.197905414504930377e-04
-2.197905414504930377e-04
2.965546585619449615e-02
2.965546585619449615e-02
2.965546585619449615e-02
2.965546585619449615e-02
2.965546585619449615e-02
4.779704660177230835e-02
4.779704660177230835e-02
4.779704660177230835e-02
4.779704660177230835e-02
4.779704660177230835e-02
-2.357018925249576569e-02
-2.357018925249576569e-02
-2.357018925249576569e-02
-2.357018925249576569e-02
-2.357018925249576569e-02
5.099294707179069519e-02
5.099294707179069519e-02
5.099294707179069519e-02
5.099294707179069519e-02
5.099294707179069519e-02
-9.848673827946186066e-03
-9.848673827946186066e-03
-9.848673827946186066e-03
-9.848673827946186066e-03
-9.848673827946186066e-03
-2.948654629290103912e-02
-2.948654629290103912e-02
-2.948654629290103912e-02
-2.948654629290103912e-02
-2.948654629290103912e-02
7.436453551054000854e-02
7.436453551054000854e-02
7.436453551054000854e-02
7.436453551054000854e-02
7.436453551054000854e-02
1.799137704074382782e-02
1.799137704074382782e-02
1.799137704074382782e-02
1.799137704074382782e-02
1.799137704074382782e-02
-1.621751300990581512e-02
-1.621751300990581512e-02
-1.621751300990581512e-02
-1.621751300990581512e-02
-1.621751300990581512e-02
3.161090612411499023e-02
3.161090612411499023e-02
3.161090612411499023e-02
3.161090612411499023e-02
3.161090612411499023e-02
-2.813733927905559540e-02
-2.813733927905559540e-02
-2.813733927905559540e-02
-2.813733927905559540e-02
-2.813733927905559540e-02
6.173997744917869568e-02
6.173997744917869568e-02
6.173997744917869568e-02
6.173997744917869568e-02
6.173997744917869568e-02
6.866414844989776611e-02
6.866414844989776611e-02
6.866414844989776611e-02
6.866414844989776611e-02
6.866414844989776611e-02
4.989404231309890747e-02
4.989404231309890747e-02
4.989404231309890747e-02
4.989404231309890747e-02
4.989404231309890747e-02
-6.807529367506504059e-03
-6.807529367506504059e-03
-6.807529367506504059e-03
-6.807529367506504059e-03
-6.807529367506504059e-03
-7.020995486527681351e-03
-7.020995486527681351e-03
-7.020995486527681351e-03
-7.020995486527681351e-03
-7.020995486527681351e-03
-4.512053728103637695e-02
-4.512053728103637695e-02
-4.512053728103637695e-02
-4.512053728103637695e-02
-4.512053728103637695e-02
7.323607802391052246e-03
7.323607802391052246e-03
7.323607802391052246e-03
7.323607802391052246e-03
7.323607802391052246e-03
1.325233001261949539e-02
1.325233001261949539e-02
1.325233001261949539e-02
1.325233001261949539e-02
1.325233001261949539e-02
4.953481256961822510e-02
4.953481256961822510e-02
4.953481256961822510e-02
4.953481256961822510e-02
4.953481256961822510e-02
-8.420470170676708221e-03
-8.420470170676708221e-03
-8.420470170676708221e-03
-8.420470170676708221e-03
-8.420470170676708221e-03
-1.080743037164211273e-02
-1.080743037164211273e-02
-1.080743037164211273e-02
-1.080743037164211273e-02
-1.080743037164211273e-02
-1.940635591745376587e-02
-1.940635591745376587e-02
-1.940635591745376587e-02
-1.940635591745376587e-02
-1.940635591745376587e-02
4.539154004305601120e-03
4.539154004305601120e-03
4.539154004305601120e-03
4.539154004305601120e-03
4.539154004305601120e-03
3.175401315093040466e-02
3.175401315093040466e-02
3.175401315093040466e-02
3.175401315093040466e-02
3.175401315093040466e-02
9.618720039725303650e-03
9.618720039725303650e-03
9.618720039725303650e-03
9.618720039725303650e-03
9.618720039725303650e-03
5.120357125997543335e-02
5.120357125997543335e-02
5.120357125997543335e-02
5.120357125997543335e-02
5.120357125997543335e-02
6.758943945169448853e-02
6.758943945169448853e-02
6.758943945169448853e-02
6.758943945169448853e-02
6.758943945169448853e-02
-3.649519383907318115e-02
-3.649519383907318115e-02
-3.649519383907318115e-02
-3.649519383907318115e-02
-3.649519383907318115e-02
3.705218550749123096e-04
3.705218550749123096e-04
3.705218550749123096e-04
3.705218550749123096e-04
3.705218550749123096e-04
-4.825927689671516418e-02
-4.825927689671516418e-02
-4.825927689671516418e-02
-4.825927689671516418e-02
-4.825927689671516418e-02
-1.082601677626371384e-02
-1.082601677626371384e-02
-1.082601677626371384e-02
-1.082601677626371384e-02
-1.082601677626371384e-02
-3.017247095704078674e-02
-3.017247095704078674e-02
-3.017247095704078674e-02
-3.017247095704078674e-02
-3.017247095704078674e-02
1.190068945288658142e-02
1.190068945288658142e-02
1.190068945288658142e-02
1.190068945288658142e-02
1.190068945288658142e-02
7.007215172052383423e-04
7.007215172052383423e-04
7.007215172052383423e-04
7.007215172052383423e-04
7.007215172052383423e-04
3.893784945830702782e-03
3.893784945830702782e-03
3.893784945830702782e-03
3.893784945830702782e-03
3.893784945830702782e-03
-6.820580363273620605e-02
-6.820580363273620605e-02
-6.820580363273620605e-02
-6.820580363273620605e-02
-6.820580363273620605e-02
3.478232771158218384e-02
3.478232771158218384e-02
3.478232771158218384e-02
3.478232771158218384e-02
3.478232771158218384e-02
-2.373494394123554230e-02
-2.373494394123554230e-02
-2.373494394123554230e-02
-2.373494394123554230e-02
-2.373494394123554230e-02
1.655803620815277100e-02
1.655803620815277100e-02
1.655803620815277100e-02
1.655803620815277100e-02
1.655803620815277100e-02
-2.351609990000724792e-02
-2.351609990000724792e-02
-2.351609990000724792e-02
-2.351609990000724792e-02
-2.351609990000724792e-02
-2.267443947494029999e-02
-2.267443947494029999e-02
-2.267443947494029999e-02
-2.267443947494029999e-02
-2.267443947494029999e-02
3.951064869761466980e-02
3.951064869761466980e-02
3.951064869761466980e-02
3.951064869761466980e-02
3.951064869761466980e-02
1.648972555994987488e-02
1.648972555994987488e-02
1.648972555994987488e-02
1.648972555994987488e-02
1.648972555994987488e-02
4.064701963216066360e-03
4.064701963216066360e-03
4.064701963216066360e-03
4.064701963216066360e-03
4.064701963216066360e-03
-2.655762480571866035e-03
-2.655762480571866035e-03
-2.655762480571866035e-03
-2.655762480571866035e-03
-2.655762480571866035e-03
-8.690697140991687775e-03
-8.690697140991687775e-03
-8.690697140991687775e-03
-8.690697140991687775e-03
-8.690697140991687775e-03
-1.641597971320152283e-02
-1.641597971320152283e-02
-1.641597971320152283e-02
-1.641597971320152283e-02
-1.641597971320152283e-02
-5.044849216938018799e-02
-5.044849216938018799e-02
-5.044849216938018799e-02
-5.044849216938018799e-02
-5.044849216938018799e-02
-2.494408376514911652e-02
-2.494408376514911652e-02
-2.494408376514911652e-02
-2.494408376514911652e-02
-2.494408376514911652e-02
-4.753555695060640574e-04
-4.753555695060640574e-04
-4.753555695060640574e-04
-4.753555695060640574e-04
-4.753555695060640574e-04
-4.641482234001159668e-02
-4.641482234001159668e-02
-4.641482234001159668e-02
-4.641482234001159668e-02
-4.641482234001159668e-02
5.134791880846023560e-02
5.134791880846023560e-02
5.134791880846023560e-02
5.134791880846023560e-02
5.134791880846023560e-02
-1.573511958122253418e-02
-1.573511958122253418e-02
-1.573511958122253418e-02
-1.573511958122253418e-02
-1.573511958122253418e-02
-1.915585482493042946e-03
-1.915585482493042946e-03
-1.915585482493042946e-03
-1.915585482493042946e-03
-1.915585482493042946e-03
-2.878079935908317566e-02
-2.878079935908317566e-02
-2.878079935908317566e-02
-2.878079935908317566e-02
-2.878079935908317566e-02
3.556189686059951782e-02
3.556189686059951782e-02
3.556189686059951782e-02
3.556189686059951782e-02
3.556189686059951782e-02
-3.252438455820083618e-02
-3.252438455820083618e-02
-3.252438455820083618e-02
-3.252438455820083618e-02
-3.252438455820083618e-02
-6.083168461918830872e-02
-6.083168461918830872e-02
-6.083168461918830872e-02
-6.083168461918830872e-02
-6.083168461918830872e-02
4.777690768241882324e-02
4.777690768241882324e-02
4.777690768241882324e-02
4.777690768241882324e-02
4.777690768241882324e-02
-1.998520689085125923e-03
-1.998520689085125923e-03
-1.998520689085125923e-03
-1.998520689085125923e-03
-1.998520689085125923e-03
-4.231740534305572510e-02
-4.231740534305572510e-02
-4.231740534305572510e-02
-4.231740534305572510e-02
-4.231740534305572510e-02
2.538532949984073639e-02
2.538532949984073639e-02
2.538532949984073639e-02
2.538532949984073639e-02
2.538532949984073639e-02
-4.838994517922401428e-02
-4.838994517922401428e-02
-4.838994517922401428e-02
-4.838994517922401428e-02
-4.838994517922401428e-02
4.228802770376205444e-02
4.228802770376205444e-02
4.228802770376205444e-02
4.228802770376205444e-02
4.228802770376205444e-02
1.809362880885601044e-02
1.809362880885601044e-02
1.809362880885601044e-02
1.809362880885601044e-02
1.809362880885601044e-02
-8.262916654348373413e-02
-8.262916654348373413e-02
-8.262916654348373413e-02
-8.262916654348373413e-02
-8.262916654348373413e-02
3.717647492885589600e-02
3.717647492885589600e-02
3.717647492885589600e-02
3.717647492885589600e-02
3.717647492885589600e-02
7.986949756741523743e-03
7.986949756741523743e-03
7.986949756741523743e-03
7.986949756741523743e-03
7.986949756741523743e-03
-2.396245673298835754e-02
-2.396245673298835754e-02
-2.396245673298835754e-02
-2.396245673298835754e-02
-2.396245673298835754e-02
2.212331071496009827e-02
2.212331071496009827e-02
2.212331071496009827e-02
2.212331071496009827e-02
2.212331071496009827e-02
-3.196933865547180176e-02
-3.196933865547180176e-02
-3.196933865547180176e-02
-3.196933865547180176e-02
-3.196933865547180176e-02
5.565314739942550659e-02
5.565314739942550659e-02
5.565314739942550659e-02
5.565314739942550659e-02
5.565314739942550659e-02
-7.008758839219808578e-03
-7.008758839219808578e-03
-7.008758839219808578e-03
-7.008758839219808578e-03
-7.008758839219808578e-03
-4.030546173453330994e-03
-4.030546173453330994e-03
-4.030546173453330994e-03
-4.030546173453330994e-03
-4.030546173453330994e-03
2.488783001899719238e-02
2.488783001899719238e-02
2.488783001899719238e-02
2.488783001899719238e-02
2.488783001899719238e-02
1.936473301611840725e-03
1.936473301611840725e-03
1.936473301611840725e-03
1.936473301611840725e-03
1.936473301611840725e-03
-4.270564392209053040e-02
-4.270564392209053040e-02
-4.270564392209053040e-02
-4.270564392209053040e-02
-4.270564392209053040e-02
-9.854326955974102020e-03
-9.854326955974102020e-03
-9.854326955974102020e-03
-9.854326955974102020e-03
-9.854326955974102020e-03
-4.367061704397201538e-02
-4.367061704397201538e-02
-4.367061704397201538e-02
-4.367061704397201538e-02
-4.367061704397201538e-02
9.928469546139240265e-03
9.928469546139240265e-03
9.928469546139240265e-03
9.928469546139240265e-03
9.928469546139240265e-03
5.704904347658157349e-02
5.704904347658157349e-02
5.704904347658157349e-02
5.704904347658157349e-02
5.704904347658157349e-02
-6.148787215352058411e-03
-6.148787215352058411e-03
-6.148787215352058411e-03
-6.148787215352058411e-03
-6.148787215352058411e-03
-1.037335954606533051e-02
-1.037335954606533051e-02
-1.037335954606533051e-02
-1.037335954606533051e-02
-1.037335954606533051e-02
6.159209087491035461e-02
6.159209087491035461e-02
6.159209087491035461e-02
6.159209087491035461e-02
6.159209087491035461e-02
6.476826500147581100e-03
6.476826500147581100e-03
6.476826500147581100e-03
6.476826500147581100e-03
6.476826500147581100e-03
-1.460529118776321411e-02
-1.460529118776321411e-02
-1.460529118776321411e-02
-1.460529118776321411e-02
-1.460529118776321411e-02
-2.955815754830837250e-02
-2.955815754830837250e-02
-2.955815754830837250e-02
-2.955815754830837250e-02
-2.955815754830837250e-02
-1.294129178859293461e-03
-1.294129178859293461e-03
-1.294129178859293461e-03
-1.294129178859293461e-03
-1.294129178859293461e-03
-1.993140019476413727e-02
-1.993140019476413727e-02
-1.993140019476413727e-02
-1.993140019476413727e-02
-1.993140019476413727e-02
6.430620700120925903e-02
6.430620700120925903e-02
6.430620700120925903e-02
6.430620700120925903e-02
6.430620700120925903e-02
-8.328725583851337433e-03
-8.328725583851337433e-03
-8.328725583851337433e-03
-8.328725583851337433e-03
-8.328725583851337433e-03
4.906247928738594055e-02
4.906247928738594055e-02
4.906247928738594055e-02
4.906247928738594055e-02
4.906247928738594055e-02
1.135277654975652695e-02
1.135277654975652695e-02
1.135277654975652695e-02
1.135277654975652695e-02
1.135277654975652695e-02
-2.532943151891231537e-02
-2.532943151891231537e-02
-2.532943151891231537e-02
-2.532943151891231537e-02
-2.532943151891231537e-02
9.657772257924079895e-03
9.657772257924079895e-03
9.657772257924079895e-03
9.657772257924079895e-03
9.657772257924079895e-03
4.269457608461380005e-02
4.269457608461380005e-02
4.269457608461380005e-02
4.269457608461380005e-02
4.269457608461380005e-02
5.085167475044727325e-03
5.085167475044727325e-03
5.085167475044727325e-03
5.085167475044727325e-03
5.085167475044727325e-03
6.374285556375980377e-03
6.374285556375980377e-03
6.374285556375980377e-03
6.374285556375980377e-03
6.374285556375980377e-03
3.039711713790893555e-02
3.039711713790893555e-02
3.039711713790893555e-02
3.039711713790893555e-02
3.039711713790893555e-02
4.394804686307907104e-02
4.394804686307907104e-02
4.394804686307907104e-02
4.394804686307907104e-02
4.394804686307907104e-02
2.983013633638620377e-03
2.983013633638620377e-03
2.983013633638620377e-03
2.983013633638620377e-03
2.983013633638620377e-03
2.270981483161449432e-02
2.270981483161449432e-02
2.270981483161449432e-02
2.270981483161449432e-02
2.270981483161449432e-02
-4.439849033951759338e-02
-4.439849033951759338e-02
-4.439849033951759338e-02
-4.439849033951759338e-02
-4.439849033951759338e-02
-1.304463017731904984e-02
-1.304463017731904984e-02
-1.304463017731904984e-02
-1.304463017731904984e-02
-1.304463017731904984e-02
-5.010765977203845978e-03
-5.010765977203845978e-03
-5.010765977203845978e-03
-5.010765977203845978e-03
-5.010765977203845978e-03
1.513527147471904755e-02
1.513527147471904755e-02
1.513527147471904755e-02
1.513527147471904755e-02
1.513527147471904755e-02
3.672100976109504700e-02
3.672100976109504700e-02
3.672100976109504700e-02
3.672100976109504700e-02
3.672100976109504700e-02
1.380513049662113190e-02
1.380513049662113190e-02
1.380513049662113190e-02
1.380513049662113190e-02
1.380513049662113190e-02
1.568832434713840485e-02
1.568832434713840485e-02
1.568832434713840485e-02
1.568832434713840485e-02
1.568832434713840485e-02
2.703691460192203522e-02
2.703691460192203522e-02
2.703691460192203522e-02
2.703691460192203522e-02
2.703691460192203522e-02
6.801826506853103638e-02
6.801826506853103638e-02
6.801826506853103638e-02
6.801826506853103638e-02
6.801826506853103638e-02
-3.538936376571655273e-02
-3.538936376571655273e-02
-3.538936376571655273e-02
-3.538936376571655273e-02
-3.538936376571655273e-02
-8.380298502743244171e-03
-8.380298502743244171e-03
-8.380298502743244171e-03
-8.380298502743244171e-03
-8.380298502743244171e-03
-1.837427727878093719e-02
-1.837427727878093719e-02
-1.837427727878093719e-02
-1.837427727878093719e-02
-1.837427727878093719e-02
1.927151530981063843e-02
1.927151530981063843e-02
1.927151530981063843e-02
1.927151530981063843e-02
1.927151530981063843e-02
2.588844858109951019e-02
2.588844858109951019e-02
2.588844858109951019e-02
2.588844858109951019e-02
2.588844858109951019e-02
-2.029011957347393036e-02
-2.029011957347393036e-02
-2.029011957347393036e-02
-2.029011957347393036e-02
-2.029011957347393036e-02
1.134168356657028198e-03
1.134168356657028198e-03
1.134168356657028198e-03
1.134168356657028198e-03
1.134168356657028198e-03
-3.108829446136951447e-02
-3.108829446136951447e-02
-3.108829446136951447e-02
-3.108829446136951447e-02
-3.108829446136951447e-02
9.829923510551452637e-03
9.829923510551452637e-03
9.829923510551452637e-03
9.829923510551452637e-03
9.829923510551452637e-03
-4.026050679385662079e-03
-4.026050679385662079e-03
-4.026050679385662079e-03
-4.026050679385662079e-03
-4.026050679385662079e-03
3.717287629842758179e-02
3.717287629842758179e-02
3.717287629842758179e-02
3.717287629842758179e-02
3.717287629842758179e-02
-6.813289597630500793e-03
-6.813289597630500793e-03
-6.813289597630500793e-03
-6.813289597630500793e-03
-6.813289597630500793e-03
-3.008941374719142914e-02
-3.008941374719142914e-02
-3.008941374719142914e-02
-3.008941374719142914e-02
-3.008941374719142914e-02
1.762510463595390320e-02
1.762510463595390320e-02
1.762510463595390320e-02
1.762510463595390320e-02
1.762510463595390320e-02
2.379309572279453278e-02
2.379309572279453278e-02
2.379309572279453278e-02
2.379309572279453278e-02
2.379309572279453278e-02
-2.332487702369689941e-02
-2.332487702369689941e-02
-2.332487702369689941e-02
-2.332487702369689941e-02
-2.332487702369689941e-02
-2.856567874550819397e-02
-2.856567874550819397e-02
-2.856567874550819397e-02
-2.856567874550819397e-02
-2.856567874550819397e-02
-1.139781810343265533e-02
-1.139781810343265533e-02
-1.139781810343265533e-02
-1.139781810343265533e-02
-1.139781810343265533e-02
4.670786671340465546e-03
4.670786671340465546e-03
4.670786671340465546e-03
4.670786671340465546e-03
4.670786671340465546e-03
4.446956329047679901e-03
4.446956329047679901e-03
4.446956329047679901e-03
4.446956329047679901e-03
4.446956329047679901e-03
6.934530287981033325e-02
6.934530287981033325e-02
6.934530287981033325e-02
6.934530287981033325e-02
6.934530287981033325e-02
-2.686591632664203644e-02
-2.686591632664203644e-02
-2.686591632664203644e-02
-2.686591632664203644e-02
-2.686591632664203644e-02
-2.044914290308952332e-02
-2.044914290308952332e-02
-2.044914290308952332e-02
-2.044914290308952332e-02
-2.044914290308952332e-02
-2.976007573306560516e-02
-2.976007573306560516e-02
-2.976007573306560516e-02
-2.976007573306560516e-02
-2.976007573306560516e-02
5.205555632710456848e-02
5.205555632710456848e-02
5.205555632710456848e-02
5.205555632710456848e-02
5.205555632710456848e-02
-2.318605035543441772e-02
-2.318605035543441772e-02
-2.318605035543441772e-02
-2.318605035543441772e-02
-2.318605035543441772e-02
-1.388706732541322708e-02
-1.388706732541322708e-02
-1.388706732541322708e-02
-1.388706732541322708e-02
-1.388706732541322708e-02
4.631298035383224487e-02
4.631298035383224487e-02
4.631298035383224487e-02
4.631298035383224487e-02
4.631298035383224487e-02
2.924223616719245911e-02
2.924223616719245911e-02
2.924223616719245911e-02
2.924223616719245911e-02
2.924223616719245911e-02
-2.748610638082027435e-02
-2.748610638082027435e-02
-2.748610638082027435e-02
-2.748610638082027435e-02
-2.748610638082027435e-02
1.499869208782911301e-02
1.499869208782911301e-02
1.499869208782911301e-02
1.499869208782911301e-02
1.499869208782911301e-02
-3.185483859851956367e-03
-3.185483859851956367e-03
-3.185483859851956367e-03
-3.185483859851956367e-03
-3.185483859851956367e-03
4.181915521621704102e-02
4.181915521621704102e-02
4.181915521621704102e-02
4.181915521621704102e-02
4.181915521621704102e-02
1.300917938351631165e-02
1.300917938351631165e-02
1.300917938351631165e-02
1.300917938351631165e-02
1.300917938351631165e-02
2.396591939032077789e-02
2.396591939032077789e-02
2.396591939032077789e-02
2.396591939032077789e-02
2.396591939032077789e-02
2.977407723665237427e-02
2.977407723665237427e-02
2.977407723665237427e-02
2.977407723665237427e-02
2.977407723665237427e-02
1.087957806885242462e-02
1.087957806885242462e-02
1.087957806885242462e-02
1.087957806885242462e-02
1.087957806885242462e-02
-2.905491925776004791e-02
-2.905491925776004791e-02
-2.905491925776004791e-02
-2.905491925776004791e-02
-2.905491925776004791e-02
-2.896206453442573547e-02
-2.896206453442573547e-02
-2.896206453442573547e-02
-2.896206453442573547e-02
-2.896206453442573547e-02
-5.042929947376251221e-02
-5.042929947376251221e-02
-5.042929947376251221e-02
-5.042929947376251221e-02
-5.042929947376251221e-02
-3.950180020183324814e-03
-3.950180020183324814e-03
-3.950180020183324814e-03
-3.950180020183324814e-03
-3.950180020183324814e-03
1.178183313459157944e-02
1.178183313459157944e-02
1.178183313459157944e-02
1.178183313459157944e-02
1.178183313459157944e-02
-1.947746239602565765e-02
-1.947746239602565765e-02
-1.947746239602565765e-02
-1.947746239602565765e-02
-1.947746239602565765e-02
-1.973405852913856506e-02
-1.973405852913856506e-02
-1.973405852913856506e-02
-1.973405852913856506e-02
-1.973405852913856506e-02
4.601731523871421814e-02
4.601731523871421814e-02
4.601731523871421814e-02
4.601731523871421814e-02
4.601731523871421814e-02
-4.310934990644454956e-02
-4.310934990644454956e-02
-4.310934990644454956e-02
-4.310934990644454956e-02
-4.310934990644454956e-02
-4.567391425371170044e-02
-4.567391425371170044e-02
-4.567391425371170044e-02
-4.567391425371170044e-02
-4.567391425371170044e-02
1.643224433064460754e-02
1.643224433064460754e-02
1.643224433064460754e-02
1.643224433064460754e-02
1.643224433064460754e-02
-1.536136306822299957e-02
-1.536136306822299957e-02
-1.536136306822299957e-02
-1.536136306822299957e-02
-1.536136306822299957e-02
3.826340287923812866e-02
3.826340287923812866e-02
3.826340287923812866e-02
3.826340287923812866e-02
3.826340287923812866e-02
6.676369905471801758e-02
6.676369905471801758e-02
6.676369905471801758e-02
6.676369905471801758e-02
6.676369905471801758e-02
1.029837038367986679e-02
1.029837038367986679e-02
1.029837038367986679e-02
1.029837038367986679e-02
1.029837038367986679e-02
1.229522470384836197e-02
1.229522470384836197e-02
1.229522470384836197e-02
1.229522470384836197e-02
1.229522470384836197e-02
-4.250745102763175964e-02
-4.250745102763175964e-02
-4.250745102763175964e-02
-4.250745102763175964e-02
-4.250745102763175964e-02
-3.005111590027809143e-02
-3.005111590027809143e-02
-3.005111590027809143e-02
-3.005111590027809143e-02
-3.005111590027809143e-02
-1.928547769784927368e-02
-1.928547769784927368e-02
-1.928547769784927368e-02
-1.928547769784927368e-02
-1.928547769784927368e-02
5.768793076276779175e-02
5.768793076276779175e-02
5.768793076276779175e-02
5.768793076276779175e-02
5.768793076276779175e-02
-9.833798743784427643e-03
-9.833798743784427643e-03
-9.833798743784427643e-03
-9.833798743784427643e-03
-9.833798743784427643e-03
2.185444906353950500e-02
2.185444906353950500e-02
2.185444906353950500e-02
2.185444906353950500e-02
2.185444906353950500e-02
-2.855556830763816833e-02
-2.855556830763816833e-02
-2.855556830763816833e-02
-2.855556830763816833e-02
-2.855556830763816833e-02
-1.443382911384105682e-02
-1.443382911384105682e-02
-1.443382911384105682e-02
-1.443382911384105682e-02
-1.443382911384105682e-02
-2.102435752749443054e-02
-2.102435752749443054e-02
-2.102435752749443054e-02
-2.102435752749443054e-02
-2.102435752749443054e-02
-3.266096115112304688e-02
-3.266096115112304688e-02
-3.266096115112304688e-02
-3.266096115112304688e-02
-3.266096115112304688e-02
4.188109654933214188e-03
4.188109654933214188e-03
4.188109654933214188e-03
4.188109654933214188e-03
4.188109654933214188e-03
2.372549474239349365e-02
2.372549474239349365e-02
2.372549474239349365e-02
2.372549474239349365e-02
2.372549474239349365e-02
