-3.608125448226928711e-02
-4.011551290750503540e-02
-2.218971215188503265e-02
-1.699520088732242584e-02
-3.177862614393234253e-02
-1.116546802222728729e-03
-1.878223009407520294e-02
-1.061323378235101700e-02
-1.220399886369705200e-02
-7.650081533938646317e-03
-5.919914320111274719e-02
-1.945356465876102448e-02
-6.482213735580444336e-03
1.783892884850502014e-02
-6.368250469677150249e-04
-4.979913309216499329e-02
-5.460106953978538513e-02
-2.020584791898727417e-02
-5.786735564470291138e-02
-2.170986868441104889e-02
-5.199638381600379944e-02
8.870579302310943604e-03
-8.113748393952846527e-03
-1.880945521406829357e-03
-1.617963425815105438e-02
6.764369457960128784e-02
9.651969373226165771e-02
7.471011579036712646e-02
7.211627811193466187e-02
7.841188460588455200e-02
1.145581435412168503e-02
5.674232169985771179e-02
3.533091768622398376e-02
4.274699091911315918e-02
4.643410816788673401e-02
-2.877277135848999023e-02
1.132120750844478607e-02
8.037622272968292236e-02
7.629183679819107056e-02
-5.083091184496879578e-02
-2.441176399588584900e-02
-2.546311728656291962e-02
1.999335363507270813e-02
3.506762674078345299e-03
6.116345059126615524e-03
4.689723998308181763e-02
2.173718065023422241e-02
3.820472955703735352e-02
-8.018972352147102356e-03
2.105419524013996124e-03
1.609242986887693405e-03
5.411468818783760071e-02
6.155519187450408936e-02
-1.089839613996446133e-03
-6.384877488017082214e-03
3.747112303972244263e-02
-5.837307777255773544e-03
-1.925667561590671539e-02
3.904270380735397339e-02
1.195900514721870422e-02
5.575443152338266373e-03
-2.868256764486432076e-03
2.004616707563400269e-02
-7.287746295332908630e-03
1.356271374970674515e-02
-2.097560279071331024e-02
-4.984713159501552582e-04
2.155215293169021606e-02
-9.415327012538909912e-02
-1.767162419855594635e-02
-1.130677293986082077e-02
-1.426868047565221786e-02
-2.613554149866104126e-02
-6.252215057611465454e-02
-1.561198005219921470e-04
1.948872022330760956e-02
3.565578954294323921e-03
3.046405315399169922e-02
1.049476396292448044e-02
1.954229362308979034e-02
-3.041088581085205078e-02
-6.103939190506935120e-02
-7.081686705350875854e-02
-4.973084479570388794e-02
-5.940844863653182983e-02
-1.318563334643840790e-02
-1.947635784745216370e-02
-6.835822016000747681e-02
-5.163692310452461243e-02
-4.423546791076660156e-02
-1.325931213796138763e-02
-2.651744708418846130e-02
-4.977334290742874146e-02
-5.405056755989789963e-03
-5.704322084784507751e-02
2.459395118057727814e-02
-2.618625946342945099e-02
3.489386662840843201e-02
-8.514111861586570740e-03
-1.261120755225419998e-02
3.847242146730422974e-02
2.972076833248138428e-02
8.583820424973964691e-03
-6.878941785544157028e-04
2.671401947736740112e-03
-3.977493941783905029e-02
1.700528152287006378e-02
1.642988063395023346e-02
2.721849083900451660e-02
-2.771631069481372833e-02
3.710635006427764893e-02
2.860596030950546265e-02
-1.598026975989341736e-02
-3.189790248870849609e-02
-3.152992203831672668e-02
-2.299907646374776959e-05
-1.581217348575592041e-02
-2.542620711028575897e-02
2.974463161081075668e-03
-5.255435127764940262e-03
3.051270358264446259e-02
3.384756669402122498e-02
2.092812396585941315e-02
-9.070475585758686066e-03
4.632324725389480591e-02
-2.227874472737312317e-02
2.810394205152988434e-02
2.523362264037132263e-02
-2.376918680965900421e-03
2.065662294626235962e-02
-4.404792934656143188e-02
1.686451025307178497e-02
8.992705494165420532e-03
2.143233548849821091e-03
-5.506366491317749023e-02
-6.283905357122421265e-03
-2.128074504435062408e-02
1.697456650435924530e-02
1.375807356089353561e-02
-9.057516232132911682e-03
-3.774768486618995667e-02
-3.360477089881896973e-02
7.476737257093191147e-03
-3.333094716072082520e-02
-3.023858927190303802e-02
7.539481669664382935e-02
7.695434242486953735e-02
4.042542353272438049e-02
6.456075608730316162e-02
6.607827544212341309e-02
-2.528287097811698914e-02
8.744320832192897797e-03
-3.072753548622131348e-02
-2.310647815465927124e-02
-2.339648082852363586e-02
2.398582408204674721e-03
2.726936712861061096e-02
2.323418855667114258e-02
1.347245834767818451e-02
3.830181062221527100e-02
-1.548543479293584824e-02
-1.283938530832529068e-02
-1.146441977471113205e-02
-1.844971626996994019e-02
-1.640378497540950775e-02
-2.139609493315219879e-02
-3.482500836253166199e-02
-1.709232479333877563e-02
-2.697226405143737793e-02
-6.485185772180557251e-02
-3.097083233296871185e-02
2.620911411941051483e-02
2.117324247956275940e-02
-3.139026463031768799e-02
-2.114807255566120148e-02
-6.628078222274780273e-02
-8.320916444063186646e-02
-6.608511507511138916e-02
-5.019352585077285767e-02
-6.997093558311462402e-02
-1.983629912137985229e-02
-2.517863363027572632e-02
6.007106043398380280e-03
1.556092873215675354e-02
1.424025185406208038e-02
-2.354293875396251678e-02
-7.956943474709987640e-03
-4.285484924912452698e-02
1.576051861047744751e-02
-3.242173045873641968e-02
-3.857151418924331665e-02
3.242345293983817101e-03
-2.607205696403980255e-02
-5.683742091059684753e-02
1.617573946714401245e-02
-2.265140414237976074e-02
2.710773842409253120e-03
-4.772291332483291626e-02
-3.869525715708732605e-02
-3.539718315005302429e-02
-1.163557462859898806e-04
1.793423295021057129e-02
-1.620838604867458344e-02
-1.606147619895637035e-03
1.253922749310731888e-02
6.689940392971038818e-02
5.096875876188278198e-02
1.172124296426773071e-01
-6.136252731084823608e-02
-1.864055916666984558e-02
-2.429937943816184998e-02
4.563829302787780762e-02
2.200107648968696594e-02
-1.504652760922908783e-02
7.927109487354755402e-03
6.851322483271360397e-03
-7.441318128257989883e-03
2.399361226707696915e-03
7.241500541567802429e-03
2.542787604033946991e-02
-3.979874029755592346e-02
-2.514822222292423248e-02
-2.834331244230270386e-02
-4.337162524461746216e-02
-4.070937633514404297e-02
2.180175669491291046e-02
-3.590482845902442932e-02
3.870269283652305603e-03
-3.463948145508766174e-02
-4.476192966103553772e-02
3.730489639565348625e-03
2.443815022706985474e-02
-5.661084316670894623e-03
-7.004394661635160446e-03
4.171384498476982117e-04
5.067447945475578308e-02
2.513068541884422302e-02
2.009160630404949188e-02
2.831355296075344086e-02
2.464319020509719849e-02
-6.721649784594774246e-03
8.709644898772239685e-03
9.600570425391197205e-03
1.338477013632655144e-03
-2.438536658883094788e-02
-3.229232504963874817e-02
1.026720739901065826e-03
-3.625700948759913445e-03
1.944034546613693237e-02
1.248179562389850616e-02
-6.029072776436805725e-02
-2.057125233113765717e-02
-6.381721794605255127e-02
6.608064868487417698e-04
-3.320724889636039734e-02
3.316260874271392822e-02
9.615032933652400970e-03
-1.157989352941513062e-02
-4.324009176343679428e-03
-1.810330525040626526e-02
-1.455572433769702911e-02
-3.499953448772430420e-02
-2.228941768407821655e-02
-8.695466443896293640e-03
2.018402516841888428e-02
-6.091781426221132278e-03
3.581649810075759888e-02
3.952464461326599121e-02
-1.830478198826313019e-02
-1.001255027949810028e-02
-3.727826848626136780e-02
-2.824181318283081055e-02
-3.982409834861755371e-02
-3.066755644977092743e-02
-1.438462175428867340e-03
-2.929769828915596008e-02
-2.041604928672313690e-02
1.936738193035125732e-02
2.761280629783868790e-03
8.889713324606418610e-03
-2.781278267502784729e-02
-1.275065075606107712e-02
-1.710860244929790497e-02
-3.915624110959470272e-04
-1.706098020076751709e-02
-4.019158333539962769e-02
1.921781920827925205e-03
7.389354519546031952e-03
3.290319070219993591e-02
-7.859781384468078613e-03
-3.490712493658065796e-02
1.984130963683128357e-02
-2.165212109684944153e-02
-7.160540670156478882e-02
1.556876301765441895e-02
-3.998744115233421326e-02
-5.788041278719902039e-02
-4.149780422449111938e-02
-6.331079453229904175e-02
-4.665933176875114441e-02
5.606752354651689529e-03
-1.309271249920129776e-02
2.155008167028427124e-02
3.240933176130056381e-03
1.384864188730716705e-02
3.237881883978843689e-02
5.394848063588142395e-02
-4.207383096218109131e-02
-5.072462558746337891e-02
-4.526751860976219177e-02
-2.801671810448169708e-02
-4.590744152665138245e-02
2.411632426083087921e-02
3.764879889786243439e-03
-2.745140902698040009e-02
1.714601367712020874e-02
-6.072405725717544556e-02
5.667516216635704041e-02
-2.592222020030021667e-02
-4.944876581430435181e-02
-3.144332021474838257e-02
-1.622555404901504517e-02
-1.749406196177005768e-02
-8.064477704465389252e-03
-3.373979404568672180e-02
-1.489540468901395798e-02
-1.463011372834444046e-02
1.326542533934116364e-02
-2.935994230210781097e-02
-2.875659801065921783e-02
-1.507323980331420898e-02
2.266701683402061462e-02
-2.519754879176616669e-02
1.027320697903633118e-02
2.636834233999252319e-02
-1.389327272772789001e-02
-9.079206734895706177e-03
-7.862775586545467377e-03
-4.009867087006568909e-02
-3.730611875653266907e-02
-1.438000984489917755e-02
-4.785537254065275192e-03
1.108396891504526138e-02
-7.995757623575627804e-04
-1.713140681385993958e-02
-4.043332859873771667e-02
-4.892443120479583740e-02
-2.408000640571117401e-02
-6.432680878788232803e-03
-1.602299697697162628e-02
1.683025038801133633e-03
-7.853587158024311066e-03
-9.937371127307415009e-03
-3.219874575734138489e-02
-2.732699550688266754e-02
1.476812269538640976e-02
-5.682263290509581566e-04
-1.627816446125507355e-02
-3.255147114396095276e-02
1.728874258697032928e-02
-5.785506218671798706e-02
-6.425295025110244751e-02
-3.007255122065544128e-02
-3.410584107041358948e-02
-5.337402224540710449e-02
-1.615613512694835663e-02
2.161828428506851196e-02
2.180126309394836426e-02
-2.321670949459075928e-02
-9.391233325004577637e-03
3.077672421932220459e-02
2.150073088705539703e-02
8.876787871122360229e-02
7.052683085203170776e-02
5.333256348967552185e-02
2.666923962533473969e-02
-2.923811413347721100e-02
-3.910738974809646606e-02
4.901293199509382248e-03
1.274614036083221436e-02
3.801751590799540281e-04
-1.169568859040737152e-02
-1.998768653720617294e-03
-8.581698872148990631e-03
4.389738896861672401e-04
-5.443528294563293457e-02
-5.951043963432312012e-02
-6.905584782361984253e-02
5.016574636101722717e-02
5.022084712982177734e-02
4.668333102017641068e-03
-1.994242332875728607e-02
-2.348552644252777100e-02
-2.581290155649185181e-02
-1.804428361356258392e-02
-1.069149095565080643e-02
-4.878302104771137238e-03
-1.954464614391326904e-02
4.510195576585829258e-04
1.689704321324825287e-02
-4.160549864172935486e-02
-3.470786660909652710e-02
6.714622024446725845e-03
1.208584988489747047e-03
1.088157575577497482e-02
1.138504780828952789e-02
-3.218526765704154968e-02
-1.076134294271469116e-02
2.085339650511741638e-02
-1.824226602911949158e-02
6.205980665981769562e-03
1.026095729321241379e-02
-1.449601445347070694e-02
-1.991345360875129700e-02
-2.618121169507503510e-02
2.457542344927787781e-02
-2.566062845289707184e-02
2.918404154479503632e-02
4.972496628761291504e-02
4.916759580373764038e-02
2.165461331605911255e-02
-1.575165800750255585e-02
-3.178989142179489136e-02
-1.629444584250450134e-02
-4.155037179589271545e-02
-4.584975540637969971e-03
-4.513112828135490417e-02
-3.174157440662384033e-02
-3.710335120558738708e-02
-4.992810636758804321e-02
1.351517625153064728e-02
5.492327734827995300e-03
3.277720883488655090e-02
-3.986309282481670380e-03
2.120575681328773499e-02
5.048299580812454224e-02
7.387688010931015015e-02
4.240503162145614624e-02
6.385962665081024170e-02
9.273003041744232178e-02
2.192471735179424286e-02
2.198882773518562317e-02
2.640482783317565918e-02
1.096222642809152603e-02
2.840998210012912750e-02
1.231872476637363434e-03
4.138309508562088013e-02
1.668356359004974365e-02
2.859450876712799072e-02
4.025461524724960327e-02
-1.970330439507961273e-02
4.255943745374679565e-02
-6.687251478433609009e-02
-7.694274187088012695e-02
-6.101343780755996704e-02
1.041233539581298828e-02
-1.421570428647100925e-03
-9.952900931239128113e-03
-5.967520177364349365e-02
-1.456039585173130035e-02
7.935688830912113190e-03
-1.989684067666530609e-02
1.349907275289297104e-02
-4.914229735732078552e-03
-1.035002339631319046e-02
3.361681476235389709e-02
4.405096545815467834e-02
7.969700731337070465e-03
7.604403048753738403e-02
2.195849083364009857e-02
-1.142764370888471603e-02
4.612184595316648483e-03
-2.519911527633666992e-02
-1.190111413598060608e-02
8.453942835330963135e-03
-2.194774104282259941e-03
-1.656316779553890228e-02
-7.643699180334806442e-03
3.813139162957668304e-03
-1.901309750974178314e-02
-1.523516047745943069e-02
-3.611178323626518250e-02
1.298883091658353806e-02
-1.540449913591146469e-02
2.812124416232109070e-02
-2.080293139442801476e-03
-9.193363599479198456e-03
2.271607890725135803e-02
-1.170295476913452148e-02
-1.527524273842573166e-02
-2.848254702985286713e-02
2.256542816758155823e-02
1.862543821334838867e-02
-1.338351424783468246e-02
-3.081266395747661591e-02
-8.624514564871788025e-03
-6.551557686179876328e-03
-4.155203700065612793e-02
-4.348560795187950134e-02
1.914245449006557465e-02
2.001535519957542419e-02
4.596268013119697571e-02
2.745271427556872368e-03
-2.640213351696729660e-04
3.373486921191215515e-02
5.278089269995689392e-02
5.496614053845405579e-02
5.212302505970001221e-02
7.474992424249649048e-02
5.821514502167701721e-02
3.339345753192901611e-02
-2.575910417363047600e-03
4.862206429243087769e-02
3.481357917189598083e-02
1.943448185920715332e-02
-9.290473535656929016e-03
-1.023641973733901978e-02
-1.489165890961885452e-02
-3.576666861772537231e-02
-2.279569953680038452e-02
-1.642215624451637268e-02
-3.297297656536102295e-02
-3.670370578765869141e-02
-1.156628970056772232e-02
-2.973802573978900909e-02
4.486570879817008972e-02
5.507108289748430252e-05
5.337056517601013184e-02
2.753581851720809937e-02
4.621105268597602844e-02
-3.341864421963691711e-02
9.297523647546768188e-03
1.099542714655399323e-02
-5.912184133194386959e-04
-2.516380045562982559e-03
-3.984553366899490356e-02
-2.961188368499279022e-02
1.551167108118534088e-03
3.788898140192031860e-02
-2.935766242444515228e-02
-1.563828065991401672e-02
-2.081480249762535095e-02
-2.913689054548740387e-02
-3.978062793612480164e-02
-4.884339869022369385e-02
-2.669501118361949921e-02
4.184370860457420349e-02
4.418386518955230713e-02
-1.245289575308561325e-02
2.622861228883266449e-02
-9.030827204696834087e-04
-7.104384247213602066e-03
-2.267276868224143982e-03
9.641601354815065861e-04
2.518126554787158966e-02
-1.312670065090060234e-03
2.484978362917900085e-02
2.187128551304340363e-02
-5.068860482424497604e-03
-4.717490170150995255e-03
-3.501047939062118530e-02
-5.757855996489524841e-02
-6.041910871863365173e-02
-4.578045383095741272e-02
-3.470158576965332031e-02
9.256952442228794098e-03
-6.366257090121507645e-03
-6.354893092066049576e-03
-6.954231765121221542e-03
-6.274566985666751862e-03
-2.106786705553531647e-03
-1.484914310276508331e-02
-2.540492266416549683e-02
1.711377315223217010e-02
-2.498986199498176575e-02
-2.604168839752674103e-03
-3.273972123861312866e-02
-2.393888682126998901e-02
3.048036806285381317e-02
3.180672228336334229e-02
-9.274767711758613586e-03
1.640215981751680374e-03
-2.485785074532032013e-02
-8.381024003028869629e-03
1.482640486210584641e-02
2.607209235429763794e-02
2.939189225435256958e-02
-2.113391272723674774e-02
2.792327478528022766e-02
2.253058925271034241e-02
-3.038758412003517151e-02
-5.343792587518692017e-02
-6.372448801994323730e-02
-4.132655262947082520e-02
-3.842954710125923157e-02
3.687095269560813904e-02
4.099386185407638550e-02
1.317348703742027283e-02
-7.275313837453722954e-04
-3.960247337818145752e-02
5.472262948751449585e-02
1.967640593647956848e-02
2.835464896634221077e-03
1.523418468423187733e-03
-2.823390066623687744e-02
2.110265195369720459e-02
1.016299705952405930e-02
-7.877387106418609619e-03
1.994569040834903717e-02
2.469753101468086243e-02
-7.039742171764373779e-02
-6.141667440533638000e-02
-3.023839183151721954e-02
-3.663537092506885529e-03
-4.324130713939666748e-02
3.351404517889022827e-02
2.779313363134860992e-02
2.026617899537086487e-02
1.666794531047344208e-02
2.769890427589416504e-02
-3.900349885225296021e-02
-1.937647722661495209e-02
-5.632178857922554016e-02
-9.452027268707752228e-03
-4.501021653413772583e-02
-1.005359832197427750e-02
3.197636455297470093e-03
-4.938514903187751770e-03
2.290091291069984436e-02
8.992803283035755157e-03
6.530413776636123657e-02
5.530050769448280334e-02
6.496940553188323975e-02
-6.981577258557081223e-03
3.749252855777740479e-02
-4.491630196571350098e-02
-1.771734468638896942e-02
-1.626596041023731232e-02
-5.802676826715469360e-02
1.951916515827178955e-02
-4.391601309180259705e-02
-6.934225093573331833e-03
2.236334048211574554e-02
2.260231040418148041e-02
2.776171779260039330e-03
1.061780750751495361e-02
1.959221810102462769e-02
-1.008867006748914719e-02
-1.023450400680303574e-02
-5.637085996568202972e-03
3.043582290410995483e-02
-4.313131421804428101e-02
-2.230801060795783997e-02
-3.325206041336059570e-02
-3.630484268069267273e-02
7.476477883756160736e-03
-6.513912230730056763e-02
1.285306084901094437e-02
-9.123008698225021362e-03
-1.917856559157371521e-02
-2.700966782867908478e-03
8.327446877956390381e-03
1.927866786718368530e-02
9.640492498874664307e-03
-2.827637363225221634e-03
-3.488635411486029625e-03
-2.136596711352467537e-03
1.216171216219663620e-02
4.505571443587541580e-03
1.644048281013965607e-02
2.148972265422344208e-02
6.847271323204040527e-02
3.619336709380149841e-02
6.462778896093368530e-02
4.914994165301322937e-02
-1.799074560403823853e-02
-3.147778566926717758e-03
-1.512320619076490402e-02
-2.131076529622077942e-02
1.382424589246511459e-02
-2.907132916152477264e-02
-1.785194315016269684e-02
-1.112357154488563538e-02
-3.213537111878395081e-02
-3.066285047680139542e-03
1.173786353319883347e-02
1.205653697252273560e-02
7.802510634064674377e-03
-7.217377424240112305e-03
-3.170940652489662170e-02
5.457542464137077332e-02
5.336310341954231262e-02
6.961108744144439697e-02
5.483538657426834106e-02
6.066376343369483948e-02
-2.570927515625953674e-02
-2.500231005251407623e-02
-2.497624419629573822e-02
-2.421558275818824768e-02
-4.820539429783821106e-02
-1.762025244534015656e-02
-1.642376929521560669e-02
8.889663964509963989e-03
2.445034333504736423e-04
3.538142144680023193e-02
6.106828898191452026e-02
9.450398385524749756e-03
2.572136744856834412e-02
3.783192858099937439e-02
5.887224525213241577e-02
6.902562826871871948e-02
3.775231167674064636e-02
5.826366692781448364e-02
5.676481872797012329e-02
3.985510766506195068e-02
-2.923395112156867981e-02
1.767516694962978363e-02
2.015301433857530355e-04
-1.319254096597433090e-02
1.370041538029909134e-02
-3.373002400621771812e-03
-9.163254871964454651e-03
8.444237522780895233e-03
-2.171711064875125885e-02
-2.596076577901840210e-02
-6.287644617259502411e-03
3.098835004493594170e-03
-8.778774179518222809e-03
1.438486389815807343e-03
1.802919059991836548e-02
-1.698016934096813202e-02
-4.522634670138359070e-02
-3.119045309722423553e-02
-5.904914066195487976e-02
-5.850521381944417953e-03
-4.227728024125099182e-02
-4.078017175197601318e-02
-3.988194465637207031e-02
-6.019476056098937988e-02
-4.611545428633689880e-02
-2.137593179941177368e-02
-1.568396948277950287e-02
-4.501122236251831055e-02
-2.883036620914936066e-02
-1.561684068292379379e-02
-5.618438869714736938e-02
-2.298584952950477600e-02
-3.693402186036109924e-02
-3.387532755732536316e-02
-2.903156913816928864e-02
-8.508501574397087097e-03
3.617566823959350586e-02
1.691309921443462372e-02
-1.466314494609832764e-02
-1.827543601393699646e-02
2.062911540269851685e-02
-4.841680824756622314e-02
-2.028040029108524323e-02
-2.914614789187908173e-02
3.272610530257225037e-02
-7.822941988706588745e-03
-1.506619737483561039e-03
-2.322127670049667358e-02
-1.931322179734706879e-02
1.089997775852680206e-02
-1.571289449930191040e-02
-1.361429877579212189e-02
2.788184210658073425e-03
2.131135948002338409e-02
-9.436581283807754517e-03
1.581403426826000214e-02
3.564327955245971680e-02
2.372072264552116394e-02
-3.434704244136810303e-02
-4.277466610074043274e-02
-4.601873829960823059e-02
-9.685846045613288879e-03
-4.672115296125411987e-02
-5.072805099189281464e-03
-2.421483956277370453e-02
-2.080318517982959747e-02
-2.412658184766769409e-02
1.892611011862754822e-02
-2.271530963480472565e-02
2.118891663849353790e-02
2.094619208946824074e-03
-4.301467910408973694e-02
2.390957809984683990e-02
2.721297740936279297e-02
1.605438441038131714e-02
2.631544368341565132e-03
-6.622518412768840790e-03
2.277531474828720093e-02
2.647009864449501038e-02
5.461233085952699184e-04
-2.602955326437950134e-02
1.460226997733116150e-02
1.869406737387180328e-02
4.207498859614133835e-03
-2.301309444010257721e-02
-1.870908960700035095e-02
-5.902280658483505249e-02
-6.388591974973678589e-02
-2.765646018087863922e-02
-1.844875887036323547e-02
-3.520125150680541992e-02
-2.423631027340888977e-02
-3.192963078618049622e-02
-1.011872012168169022e-02
-1.994397304952144623e-02
-6.081931665539741516e-02
1.541321165859699249e-02
-2.325547114014625549e-02
4.696098156273365021e-03
-1.399755477905273438e-02
2.544844150543212891e-02
8.815736509859561920e-03
1.886423677206039429e-03
1.054642256349325180e-02
-3.632598742842674255e-02
2.107211761176586151e-02
2.322543784976005554e-02
3.242282196879386902e-02
-9.526142850518226624e-03
2.993855811655521393e-02
-3.780660778284072876e-02
-7.008239626884460449e-02
-7.606936246156692505e-02
-7.957758009433746338e-02
-4.403656348586082458e-02
2.427773550152778625e-02
2.977029047906398773e-02
4.552621766924858093e-02
3.757395222783088684e-02
1.807866431772708893e-02
4.719275608658790588e-02
9.504071786068379879e-04
1.994994468986988068e-02
2.763965353369712830e-02
1.246225647628307343e-02
7.712042890489101410e-03
-4.591332003474235535e-02
-3.442305140197277069e-03
-4.154172912240028381e-02
-6.537250708788633347e-03
6.269226316362619400e-03
-9.905970655381679535e-03
1.857911981642246246e-02
4.792038816958665848e-03
2.332613617181777954e-02
3.891763743013143539e-03
-9.835512610152363777e-04
-1.252508722245693207e-02
1.535600749775767326e-04
9.987693192670121789e-05
2.872589975595474243e-02
-2.554968185722827911e-02
-7.313185930252075195e-02
-2.046418190002441406e-02
-6.040350720286369324e-02
-4.000473394989967346e-02
-2.232859842479228973e-02
-6.782507151365280151e-02
-2.143651712685823441e-03
4.755339026451110840e-02
1.481681392760947347e-04
-5.980880185961723328e-02
-4.206020385026931763e-02
-1.158168073743581772e-02
4.475456103682518005e-02
4.214622452855110168e-02
2.535633184015750885e-02
2.466127462685108185e-02
6.381591409444808960e-02
5.278528109192848206e-02
-3.349201381206512451e-02
-2.629595436155796051e-02
4.494334571063518524e-04
1.507166679948568344e-02
2.305456809699535370e-02
1.176694408059120178e-02
3.534085117280483246e-03
-1.070421095937490463e-02
-1.233032811433076859e-02
1.887585152871906757e-03
2.813867293298244476e-02
-4.677521437406539917e-02
-4.253929853439331055e-02
-3.469942510128021240e-02
-4.711963981389999390e-02
-3.873971849679946899e-02
-9.102214127779006958e-03
1.109438296407461166e-02
-1.294494327157735825e-02
-5.712343752384185791e-02
-5.413339287042617798e-02
-3.635422885417938232e-02
1.784346415661275387e-03
-2.403781376779079437e-02
5.938415881246328354e-03
-1.032446045428514481e-02
-9.279999881982803345e-03
3.201292129233479500e-03
-5.560998991131782532e-02
-7.113953679800033569e-02
-4.265147075057029724e-02
-1.093205623328685760e-02
-7.153107319027185440e-03
-1.532728038728237152e-02
-2.175026386976242065e-02
-4.201511293649673462e-02
-3.164506331086158752e-02
5.506826099008321762e-03
1.379751600325107574e-02
-4.705106467008590698e-02
-3.056707046926021576e-02
-1.443110057152807713e-03
-2.671676129102706909e-02
-1.991014555096626282e-02
-2.885965816676616669e-02
-2.667140960693359375e-02
1.112211961299180984e-02
-7.893589208833873272e-04
-1.920154690742492676e-02
-3.944873809814453125e-02
2.650485141202807426e-03
-1.318338606506586075e-02
6.984602659940719604e-03
3.431144729256629944e-02
3.435086831450462341e-02
-2.587107941508293152e-02
-6.895962357521057129e-02
-1.926702633500099182e-02
-2.032200247049331665e-02
-3.296127915382385254e-02
-6.636053323745727539e-02
-3.551959991455078125e-02
-4.343440383672714233e-02
-2.893956750631332397e-02
-5.904509499669075012e-02
7.655687630176544189e-03
-2.563054487109184265e-02
-1.622224599123001099e-02
-3.425550181418657303e-03
-6.749839987605810165e-03
-3.087457828223705292e-02
1.958635076880455017e-02
2.154923789203166962e-02
-1.584103703498840332e-02
-4.431748390197753906e-02
-5.521406233310699463e-02
-3.562582284212112427e-02
-3.112400695681571960e-02
-2.168552763760089874e-02
5.846428684890270233e-03
-4.342278931289911270e-03
-4.213256016373634338e-02
3.971262194681912661e-04
-3.409479279071092606e-03
2.274498809128999710e-03
4.083143081516027451e-03
-6.236098334193229675e-02
-2.363241836428642273e-02
2.991840476170182228e-03
-5.287574604153633118e-04
-6.299559026956558228e-02
-6.348653137683868408e-02
-3.136384859681129456e-02
-4.601756855845451355e-02
-5.324001237750053406e-02
-5.180650204420089722e-02
-3.166447207331657410e-02
-4.451107233762741089e-02
-3.765099868178367615e-02
-2.164121717214584351e-03
2.556626684963703156e-02
-9.366034530103206635e-03
-3.857358545064926147e-02
3.121430287137627602e-03
-3.080302558373659849e-04
2.828598022460937500e-02
2.101741172373294830e-02
1.682459143921732903e-03
1.532386709004640579e-02
1.700343750417232513e-02
-3.357867151498794556e-02
-4.302909225225448608e-02
-3.074083477258682251e-02
-4.044775292277336121e-02
1.075165625661611557e-02
1.761785475537180901e-03
-3.635314526036381721e-03
-3.163765743374824524e-02
-4.523318260908126831e-02
-4.085946083068847656e-02
-1.812581531703472137e-02
-3.695214539766311646e-02
-3.897075727581977844e-02
-4.304884001612663269e-02
-4.709182307124137878e-02
-5.780967697501182556e-02
-4.427857697010040283e-02
4.279211862012743950e-04
-3.958032280206680298e-02
1.309265568852424622e-02
1.910060085356235504e-02
2.112803608179092407e-02
3.029571287333965302e-02
1.739226095378398895e-02
3.365131467580795288e-02
5.018775537610054016e-02
3.329930454492568970e-02
8.411761373281478882e-02
6.684640049934387207e-02
4.017116874456405640e-02
-5.546613037586212158e-02
-4.573351144790649414e-02
-4.710024222731590271e-02
-5.392007902264595032e-02
-8.688670396804809570e-02
8.624718524515628815e-03
-3.088570432737469673e-03
2.171433344483375549e-02
1.909734494984149933e-02
-1.426638383418321609e-02
-1.975902542471885681e-02
-1.712447777390480042e-02
-2.037902548909187317e-02
-3.823181241750717163e-02
-3.602755069732666016e-02
-5.206229165196418762e-02
1.116394344717264175e-02
-1.151627581566572189e-02
-2.923099324107170105e-02
7.548182737082242966e-03
2.675228565931320190e-02
2.694227360188961029e-02
5.108848586678504944e-02
-2.064128406345844269e-02
1.222016569226980209e-02
1.425544172525405884e-02
-4.222465306520462036e-02
4.478393867611885071e-02
-5.298875737935304642e-03
-8.774234913289546967e-03
2.142637502402067184e-03
-1.456390880048274994e-02
1.066716667264699936e-02
1.938770990818738937e-03
-8.374829776585102081e-03
-6.430378649383783340e-03
-2.995751239359378815e-02
9.129445999860763550e-03
1.640504412353038788e-02
8.544924668967723846e-03
-1.614840328693389893e-02
-1.835033670067787170e-02
-8.757256902754306793e-03
-9.161451831459999084e-03
-2.054583979770541191e-03
1.238290220499038696e-02
4.486639518290758133e-03
1.295172795653343201e-02
1.847268454730510712e-02
-7.503475528210401535e-03
-7.882458716630935669e-02
-1.285036187618970871e-02
-2.330731227993965149e-02
-8.030871860682964325e-03
-2.128982171416282654e-02
-6.936221616342663765e-04
-9.539076127111911774e-03
2.590304054319858551e-02
-4.465003684163093567e-02
-4.666436836123466492e-02
7.828889414668083191e-03
5.087481811642646790e-03
-8.919201791286468506e-03
3.049407526850700378e-02
4.458086937665939331e-02
1.978630386292934418e-02
-9.171036072075366974e-03
1.510278228670358658e-02
2.171924570575356483e-03
1.122658792883157730e-02
-5.926251411437988281e-02
-4.234222695231437683e-02
-4.487952962517738342e-02
1.983003132045269012e-02
-6.025251932442188263e-03
-3.753491118550300598e-02
2.880431246012449265e-03
-3.208588575944304466e-03
-8.868843317031860352e-03
-6.096440181136131287e-02
-3.375343605875968933e-02
-3.612411394715309143e-02
6.641351617872714996e-03
2.306870184838771820e-02
-2.119523845613002777e-02
2.139288932085037231e-02
-2.786447294056415558e-03
1.109620323404669762e-03
2.097039297223091125e-02
3.423515334725379944e-02
-1.894358545541763306e-02
1.814159564673900604e-02
-4.709561821073293686e-03
-2.218051580712199211e-03
6.107494700700044632e-03
-3.158367238938808441e-03
-4.904220998287200928e-02
-7.145773619413375854e-02
-1.701791770756244659e-02
-3.698596730828285217e-02
-3.937198966741561890e-02
-1.810423098504543304e-02
6.867876742035150528e-03
2.374847978353500366e-02
-4.014811664819717407e-02
-6.048449501395225525e-02
-4.118226096034049988e-02
-3.446442633867263794e-02
-2.453767508268356323e-02
-1.810430176556110382e-02
1.161848381161689758e-02
4.269759356975555420e-02
7.642634958028793335e-02
1.078361296094954014e-03
-6.816893350332975388e-03
1.335388608276844025e-02
2.089177258312702179e-02
-5.514293443411588669e-03
-2.923144586384296417e-02
-9.158445522189140320e-03
-3.907875344157218933e-02
-1.100257318466901779e-02
7.016986608505249023e-03
2.629306633025407791e-03
-2.046049758791923523e-02
1.954071037471294403e-02
1.347419898957014084e-02
4.285796359181404114e-02
-5.116305500268936157e-02
-5.136873573064804077e-02
5.998129025101661682e-03
5.492647178471088409e-03
-1.673200167715549469e-02
-1.458203792572021484e-02
6.649418734014034271e-03
4.192768596112728119e-03
1.005908194929361343e-02
-1.859504543244838715e-02
1.189764705486595631e-03
4.943194333463907242e-03
-6.846034526824951172e-02
2.604248747229576111e-02
-6.174331903457641602e-02
-2.844999078661203384e-03
-7.676385343074798584e-03
-2.489143423736095428e-02
-3.491426631808280945e-02
-2.670115418732166290e-02
-3.084730729460716248e-02
-1.876001618802547455e-02
1.797492802143096924e-02
1.866356655955314636e-02
-2.982044359669089317e-03
-5.944550037384033203e-03
-1.667170785367488861e-02
1.499628368765115738e-02
3.095239214599132538e-02
-9.012370370328426361e-03
4.627776332199573517e-03
3.070344217121601105e-02
5.317118763923645020e-02
7.159069925546646118e-02
5.451841279864311218e-02
1.043949305312708020e-04
2.763368003070354462e-02
-9.621186554431915283e-02
-8.843577653169631958e-02
-8.624068647623062134e-02
-7.398747652769088745e-02
-3.045957908034324646e-02
-1.761825196444988251e-02
-2.797765098512172699e-02
-4.152872040867805481e-02
-3.772324696183204651e-02
-2.579396590590476990e-02
-4.037649556994438171e-02
-1.310632098466157913e-03
2.437431178987026215e-02
-1.913837157189846039e-02
2.274448238313198090e-02
-2.844437025487422943e-02
-3.385674208402633667e-02
1.572440005838871002e-02
-2.177407033741474152e-02
-8.272697217762470245e-03
2.468729577958583832e-02
-2.237311673525255173e-05
-4.439586028456687927e-02
1.857623457908630371e-02
3.944533690810203552e-02
-1.157166995108127594e-02
-1.776793971657752991e-02
-7.137656677514314651e-03
-1.676237210631370544e-02
-2.225030399858951569e-02
1.872046291828155518e-02
2.613495290279388428e-02
3.273714333772659302e-02
4.821367189288139343e-02
1.287815906107425690e-02
2.086979709565639496e-02
1.033465750515460968e-02
1.368346624076366425e-02
-1.461133640259504318e-02
1.245163381099700928e-02
1.918328180909156799e-02
1.797949522733688354e-02
2.231158688664436340e-02
2.853511087596416473e-02
3.893059864640235901e-02
4.376540705561637878e-02
-7.350429077632725239e-04
-6.178789772093296051e-04
-1.088226959109306335e-02
-2.919526025652885437e-02
2.040637098252773285e-02
1.516562700271606445e-02
1.782620325684547424e-02
3.395736590027809143e-02
3.440260514616966248e-02
-6.396728008985519409e-02
-1.178273651748895645e-02
-8.295026421546936035e-02
-5.258009582757949829e-02
-4.781208187341690063e-02
2.890153974294662476e-02
9.769869036972522736e-03
-1.381177268922328949e-02
-3.897895291447639465e-02
4.317775741219520569e-02
-4.283695016056299210e-03
3.410312160849571228e-02
6.063627079129219055e-02
1.296702679246664047e-02
-3.378784283995628357e-02
-4.731047432869672775e-03
-5.641700327396392822e-02
-1.246781274676322937e-02
-4.965796694159507751e-02
-4.601345211267471313e-02
-4.500597342848777771e-02
-2.974688541144132614e-03
-3.284615650773048401e-02
-1.484798174351453781e-02
3.097619675099849701e-02
1.338023971766233444e-02
1.638519018888473511e-02
9.241948835551738739e-03
2.438548207283020020e-02
-3.721459209918975830e-02
3.923494368791580200e-02
-3.305473364889621735e-03
3.307302668690681458e-02
6.118493899703025818e-02
-1.798875257372856140e-02
-5.948097631335258484e-02
-2.641456434503197670e-03
-2.803515270352363586e-02
-2.976992353796958923e-02
1.529888343065977097e-02
-4.496340081095695496e-02
-6.004697084426879883e-02
-3.093519993126392365e-02
-1.927333138883113861e-02
3.096078056842088699e-03
-6.391427665948867798e-02
-3.244644775986671448e-02
-4.146472364664077759e-02
-2.607423253357410431e-02
4.604521207511425018e-03
-7.360794395208358765e-02
-7.760116457939147949e-02
-4.770841076970100403e-02
-5.757295712828636169e-02
-5.562072619795799255e-02
-1.374405622482299805e-02
-1.881390623748302460e-02
-2.017137594521045685e-02
-1.238636858761310577e-02
-5.143634974956512451e-03
-3.307542577385902405e-02
1.480990555137395859e-02
-2.327756583690643311e-02
-2.878079004585742950e-02
-5.406583193689584732e-03
5.118320882320404053e-02
1.749727502465248108e-02
1.205050013959407806e-02
-9.448953904211521149e-03
2.101536281406879425e-02
4.837067797780036926e-02
7.926566153764724731e-02
1.027880981564521790e-02
5.732830241322517395e-02
7.890947163105010986e-02
-1.601116545498371124e-02
-1.263741031289100647e-02
1.349559286609292030e-03
-2.167006395757198334e-02
-2.498234435915946960e-02
-6.530053215101361275e-04
4.707229882478713989e-02
3.701018914580345154e-02
-1.644044555723667145e-02
-1.187697984278202057e-02
-4.094967246055603027e-02
-6.255508959293365479e-02
-4.423383623361587524e-02
-4.713557660579681396e-02
-7.541354745626449585e-02
2.693893760442733765e-02
-3.064488433301448822e-02
3.682923270389437675e-03
-1.780093088746070862e-02
9.560730541124939919e-04
-5.354659259319305420e-02
5.132211837917566299e-03
-1.002154499292373657e-02
-7.863002270460128784e-02
-5.487165600061416626e-02
-1.274068467319011688e-02
-3.815573453903198242e-02
-1.992009393870830536e-02
4.565892741084098816e-03
-6.326224189251661301e-03
-4.950112104415893555e-02
-5.664135143160820007e-02
-5.297125875949859619e-02
-7.630379498004913330e-02
-4.541233554482460022e-02
2.417166531085968018e-02
5.916169658303260803e-02
4.928612709045410156e-02
-4.091032966971397400e-02
-9.956680238246917725e-03
-1.844926155172288418e-03
-3.320469520986080170e-03
-3.389908373355865479e-02
-2.063894271850585938e-02
-9.159885346889495850e-03
-1.723993569612503052e-02
-1.416974049061536789e-02
3.342515975236892700e-02
4.185301437973976135e-02
7.609767839312553406e-03
-3.203290048986673355e-03
-8.822003379464149475e-03
-3.496366366744041443e-02
-2.336711622774600983e-02
-2.568043209612369537e-02
-7.945714518427848816e-03
3.648224985226988792e-03
7.743678521364927292e-03
-3.412857186049222946e-03
-1.966751646250486374e-03
-5.749178305268287659e-02
-6.539332121610641479e-02
-4.478491097688674927e-02
-5.492629110813140869e-02
-5.539452284574508667e-02
4.288047179579734802e-02
3.729563578963279724e-02
4.707934334874153137e-02
4.314225912094116211e-02
2.423072606325149536e-02
9.971832856535911560e-03
-1.046021841466426849e-02
4.982890561223030090e-03
5.475369468331336975e-02
-5.582770681940019131e-04
5.790859460830688477e-03
-9.596897289156913757e-03
-7.526642084121704102e-02
-4.241815954446792603e-02
7.054880727082490921e-03
3.726746886968612671e-02
1.386287156492471695e-02
6.796115543693304062e-03
1.929523050785064697e-02
2.000202052295207977e-02
2.266510622575879097e-03
-8.662340231239795685e-03
-2.047857455909252167e-02
-1.429341174662113190e-02
-4.958760365843772888e-02
-5.802923813462257385e-03
-4.752255044877529144e-03
-3.890138491988182068e-02
-2.166947536170482635e-02
-1.571873761713504791e-02
3.073849715292453766e-02
-2.228355407714843750e-02
1.865366473793983459e-02
-9.699919028207659721e-04
2.759924717247486115e-02
-7.871551066637039185e-02
-6.052522733807563782e-02
-8.558216691017150879e-02
-7.167285680770874023e-02
-6.787262111902236938e-02
-6.994037888944149017e-03
-6.817905697971582413e-03
-2.453458495438098907e-02
4.393883515149354935e-03
1.111739594489336014e-02
-1.841580495238304138e-02
-1.604545488953590393e-02
2.581258770078420639e-03
-7.175428327172994614e-03
1.601663045585155487e-02
-2.855376154184341431e-02
-2.701433375477790833e-02
-3.932458534836769104e-02
-4.703984782099723816e-02
-3.266080841422080994e-02
1.951371505856513977e-02
3.104924398940056562e-04
-5.512476712465286255e-02
4.695963580161333084e-03
3.309277445077896118e-02
-4.098669812083244324e-02
-3.648606315255165100e-02
-3.554645553231239319e-02
-5.782027542591094971e-02
-4.129622504115104675e-02
-3.690992668271064758e-02
-3.374639200046658516e-03
1.454798621125519276e-03
-4.769976809620857239e-02
3.438421338796615601e-02
-1.252343785017728806e-02
8.107827976346015930e-03
-3.740857914090156555e-02
2.952489070594310760e-03
1.253190357238054276e-02
-5.777982063591480255e-03
-3.759636310860514641e-03
3.390859439969062805e-02
2.532022446393966675e-02
3.745849803090095520e-02
-4.459688067436218262e-02
-5.679115653038024902e-02
-3.217434138059616089e-02
-1.999157480895519257e-02
-1.977384462952613831e-02
4.127321764826774597e-02
-3.634065389633178711e-02
-3.937716409564018250e-02
3.438445180654525757e-02
4.163352400064468384e-02
-3.449586033821105957e-02
-1.782361231744289398e-02
-3.473976626992225647e-02
-2.760577015578746796e-02
-3.475192934274673462e-02
2.666514925658702850e-02
9.631089051254093647e-04
-1.065760292112827301e-02
-9.041526354849338531e-03
-2.455726265907287598e-02
-1.448400877416133881e-02
-1.716980524361133575e-02
-4.498067498207092285e-02
-8.891581557691097260e-03
-3.259681910276412964e-02
-2.039026934653520584e-03
-2.962538972496986389e-02
2.040390856564044952e-03
-2.569202892482280731e-02
-2.822814136743545532e-02
7.312771864235401154e-03
2.406138740479946136e-02
-1.411416660994291306e-02
1.329668611288070679e-02
1.231802627444267273e-02
-2.188485523220151663e-04
1.112043578177690506e-02
-2.135976962745189667e-02
-1.786415278911590576e-02
9.161630645394325256e-03
-1.259083859622478485e-02
8.966933935880661011e-03
3.554028645157814026e-02
1.636111922562122345e-02
-5.114553030580282211e-03
1.376092527061700821e-02
1.264768373221158981e-02
-5.672536417841911316e-02
1.041080150753259659e-02
3.803826123476028442e-02
-1.959851197898387909e-02
-2.232590876519680023e-02
6.978658027946949005e-03
9.417456574738025665e-03
-1.255105342715978622e-02
1.065275631844997406e-02
4.401408135890960693e-02
1.074342057108879089e-02
3.813895583152770996e-02
-1.592171750962734222e-02
-9.821119718253612518e-03
-2.060688845813274384e-02
-3.116036765277385712e-02
-1.479035336524248123e-02
-1.675068587064743042e-02
-1.330822613090276718e-02
3.030951134860515594e-03
-8.923802524805068970e-03
-1.491749100387096405e-02
-2.069759555160999298e-02
-5.275628343224525452e-02
-5.877966061234474182e-02
2.234768681228160858e-02
-2.838139608502388000e-02
-4.956999421119689941e-02
-2.357663027942180634e-02
2.373663522303104401e-02
2.892310358583927155e-02
-2.131705172359943390e-02
3.718251734972000122e-02
-1.912987232208251953e-02
1.604905910789966583e-02
-1.322267018258571625e-02
-6.229880265891551971e-03
3.492016345262527466e-03
2.531590498983860016e-02
2.293112687766551971e-03
-1.481472980231046677e-02
4.042250290513038635e-02
5.218264088034629822e-02
3.289851173758506775e-02
6.458085961639881134e-03
1.854422502219676971e-02
6.689408421516418457e-02
5.146855983184650540e-05
-3.665458410978317261e-02
2.835718169808387756e-02
2.156654186546802521e-02
-6.798628717660903931e-03
3.805032232776284218e-03
-2.861209213733673096e-02
-2.210904471576213837e-02
-1.540583651512861252e-02
1.680161431431770325e-02
-9.839557111263275146e-03
3.782639512792229652e-03
-4.624279588460922241e-02
-5.871525034308433533e-02
2.320154570043087006e-02
1.337497215718030930e-02
6.083632819354534149e-03
2.587707014754414558e-03
-1.837235526181757450e-03
-7.151327561587095261e-03
1.802833378314971924e-02
1.511563314124941826e-03
-5.350871011614799500e-03
4.976564086973667145e-03
-5.362377967685461044e-03
-1.732043549418449402e-02
3.298046067357063293e-02
-5.800148472189903259e-02
-2.404001168906688690e-02
-5.566623806953430176e-02
-2.246400341391563416e-02
-1.789231784641742706e-02
-3.499363735318183899e-02
-3.447179123759269714e-02
-6.309583038091659546e-02
-5.710645020008087158e-02
1.184911467134952545e-02
-2.994449436664581299e-02
-5.439206212759017944e-02
-2.109725400805473328e-02
-3.237603977322578430e-02
1.743524218909442425e-03
-4.477404803037643433e-02
-4.382847249507904053e-02
-3.883640468120574951e-02
-4.364093020558357239e-02
-1.428634393960237503e-02
-1.733411476016044617e-02
-9.911661967635154724e-03
1.019761082716286182e-03
-6.562327034771442413e-03
-1.518612168729305267e-02
-1.078707259148359299e-02
8.362684398889541626e-03
-3.810049500316381454e-03
-1.520679448731243610e-03
6.766000390052795410e-02
7.141915708780288696e-02
5.051353946328163147e-02
6.517501175403594971e-02
6.113484129309654236e-02
3.740924643352627754e-03
-1.745861768722534180e-02
-1.333251129835844040e-03
3.187138959765434265e-02
1.199574209749698639e-02
-3.759198635816574097e-02
1.635207212530076504e-03
3.949328791350126266e-03
-1.743541657924652100e-02
-1.146394852548837662e-02
-1.347146742045879364e-02
-3.662719158455729485e-03
9.383346186950802803e-04
3.894730471074581146e-03
-1.763579249382019043e-02
-2.717502042651176453e-02
-4.380568489432334900e-02
-4.373367130756378174e-02
-4.860910028219223022e-02
-2.505993470549583435e-02
-6.243617460131645203e-02
-6.302349269390106201e-02
-5.147393420338630676e-02
-5.931333824992179871e-02
-6.044291332364082336e-02
3.322353586554527283e-03
-3.114543296396732330e-02
-2.056703902781009674e-02
5.147971212863922119e-03
-2.933240123093128204e-02
-1.263526547700166702e-02
-6.877605617046356201e-02
2.609171532094478607e-02
-1.847949437797069550e-02
-5.641675367951393127e-02
6.628491450101137161e-03
1.314946543425321579e-02
1.710647158324718475e-02
-1.039437763392925262e-02
-1.573709188960492611e-03
3.953455388545989990e-02
6.220456585288047791e-02
2.521349489688873291e-02
5.591709166765213013e-03
3.717660158872604370e-02
6.916579604148864746e-02
5.593755468726158142e-02
6.026254594326019287e-02
3.327726200222969055e-02
7.646834850311279297e-02
-5.590450018644332886e-03
8.441384881734848022e-03
3.670828416943550110e-02
1.571458578109741211e-02
2.681392431259155273e-02
2.164685167372226715e-02
3.376602381467819214e-02
5.102868005633354187e-02
3.809940442442893982e-02
8.469829708337783813e-02
-2.778235636651515961e-02
-2.793411538004875183e-02
2.712303772568702698e-02
-2.086295932531356812e-02
3.211202099919319153e-02
-7.982300966978073120e-02
-3.733844310045242310e-02
-5.972303450107574463e-02
-6.015387549996376038e-02
-5.462983623147010803e-02
-1.026800274848937988e-02
-1.323037967085838318e-02
-1.292668841779232025e-02
-7.511272560805082321e-03
3.739810362458229065e-02
-3.889382118359208107e-03
-2.318795211613178253e-02
-4.230997338891029358e-02
-2.300967276096343994e-02
-5.709583405405282974e-03
3.347256034612655640e-02
4.374424740672111511e-02
2.631332911550998688e-02
4.173589497804641724e-02
1.506020408123731613e-02
1.591712981462478638e-02
1.693006418645381927e-02
1.185724395327270031e-03
2.173423767089843750e-02
2.409121394157409668e-02
2.477244660258293152e-02
2.289077639579772949e-02
-1.325745135545730591e-02
-1.914632320404052734e-02
-1.996227353811264038e-02
-1.018298062263056636e-04
-7.479228079319000244e-03
-1.003426220268011093e-02
-9.218951687216758728e-03
-2.774325013160705566e-02
-6.505924742668867111e-03
1.058696303516626358e-02
2.272277604788541794e-03
-1.915906369686126709e-02
-1.758217625319957733e-02
-6.884108763188123703e-03
-8.269838057458400726e-03
-1.673346199095249176e-02
-2.536361664533615112e-02
3.169767931103706360e-02
-2.163560688495635986e-02
-4.401121288537979126e-02
-1.068738754838705063e-02
3.788689151406288147e-03
-6.261843256652355194e-03
2.377751749008893967e-03
-3.413989907130599022e-03
3.891473403200507164e-03
-6.759024690836668015e-03
1.514506642706692219e-03
1.187540963292121887e-02
1.114943437278270721e-02
1.338254939764738083e-02
3.738544508814811707e-02
1.625068299472332001e-02
-5.990584567189216614e-02
-3.293720632791519165e-02
-5.682994425296783447e-02
-5.985612794756889343e-02
-3.637288138270378113e-02
3.253413364291191101e-02
4.135756567120552063e-02
-3.725080192089080811e-02
-2.426748722791671753e-02
-5.167682189494371414e-03
-5.600827932357788086e-02
-2.616745606064796448e-02
-5.802440270781517029e-02
-1.299091428518295288e-02
-2.286616712808609009e-02
1.767054013907909393e-02
5.599163100123405457e-02
4.356395825743675232e-02
2.090066857635974884e-02
5.384396761655807495e-03
1.977311260998249054e-02
6.138100475072860718e-02
5.890756472945213318e-02
2.004072815179824829e-02
5.929181352257728577e-02
-1.323389913886785507e-02
-3.339284285902976990e-02
-3.518375009298324585e-02
-2.134013548493385315e-02
8.746963925659656525e-03
9.267331101000308990e-03
-2.438666485249996185e-02
-9.680771268904209137e-03
-5.798642989248037338e-03
-3.299142792820930481e-02
7.504857610911130905e-03
-1.139614637941122055e-02
-2.125209569931030273e-02
-3.493457660079002380e-02
-4.594223573803901672e-03
5.082036554813385010e-02
5.559674650430679321e-02
2.950177527964115143e-02
-4.697420634329319000e-03
5.861040577292442322e-02
3.579438850283622742e-02
1.110402215272188187e-02
1.599027961492538452e-02
2.279363572597503662e-02
-1.459915284067392349e-02
-3.822153061628341675e-02
-9.008015622384846210e-04
-1.717696525156497955e-02
-3.238837420940399170e-02
-2.948601730167865753e-02
2.123544365167617798e-02
-6.602625362575054169e-03
-3.667396306991577148e-02
1.120486948639154434e-02
2.168911136686801910e-02
-3.158741816878318787e-02
-1.163361035287380219e-02
-5.052604153752326965e-02
-2.378835156559944153e-02
-4.095112532377243042e-02
-8.929294534027576447e-03
6.491744518280029297e-02
4.759227111935615540e-02
-2.721280558034777641e-03
6.877093110233545303e-03
-7.446275558322668076e-03
-9.986137971282005310e-03
-3.881413489580154419e-03
-4.033415392041206360e-02
-1.178800221532583237e-02
-2.011676877737045288e-02
-6.291715055704116821e-02
-2.470001392066478729e-02
-3.960236907005310059e-02
-5.475116521120071411e-02
1.964300312101840973e-02
-1.617450453341007233e-02
4.826132208108901978e-02
3.688838332891464233e-02
-6.618080288171768188e-02
-2.521261386573314667e-02
-2.873424068093299866e-02
-3.047708980739116669e-02
7.622354198247194290e-03
5.156702362000942230e-03
3.355387225747108459e-02
-2.159739471971988678e-02
-2.902526035904884338e-02
6.901621073484420776e-02
6.004545837640762329e-02
-2.818998880684375763e-02
-2.336503192782402039e-02
-2.043363638222217560e-02
-4.213974752929061651e-04
-4.318767786026000977e-02
-3.509013680741190910e-03
-1.057676738128066063e-03
-5.910550802946090698e-02
-4.120060801506042480e-02
-3.949364647269248962e-02
-1.853344589471817017e-02
-2.243565954267978668e-02
-2.362892217934131622e-02
-6.661524623632431030e-02
-4.816051945090293884e-02
-5.828588269650936127e-03
6.526628974825143814e-03
-1.508157886564731598e-02
1.849029213190078735e-02
-1.226485893130302429e-02
1.511137373745441437e-02
7.920783944427967072e-03
4.775846749544143677e-02
1.654944941401481628e-02
4.897364601492881775e-02
3.735075145959854126e-02
-3.314013406634330750e-02
-1.424388121813535690e-02
-1.006775815039873123e-02
2.255342900753021240e-02
-2.718091709539294243e-03
9.783548302948474884e-03
-1.644802279770374298e-02
-2.127764187753200531e-02
-3.275714069604873657e-02
3.182347118854522705e-02
5.955015867948532104e-02
4.849690198898315430e-02
5.427051335573196411e-02
4.489132016897201538e-02
-5.421587824821472168e-02
-5.146820098161697388e-02
-4.912880063056945801e-02
-7.142160087823867798e-02
-6.174702569842338562e-02
-4.107563570141792297e-02
-5.236811935901641846e-02
-5.760656669735908508e-02
-1.566579751670360565e-02
-1.969528198242187500e-02
1.205954886972904205e-02
4.057500045746564865e-03
3.743227943778038025e-02
4.806029051542282104e-02
3.641632571816444397e-02
2.078641951084136963e-02
5.033264309167861938e-02
4.853110760450363159e-02
1.464454253436997533e-04
1.984244585037231445e-02
-3.192245215177536011e-02
-8.185671642422676086e-03
-7.011541631072759628e-03
3.240301460027694702e-02
-2.812153100967407227e-02
-1.046862546354532242e-02
-1.326399762183427811e-02
-5.450116470456123352e-03
-8.612796664237976074e-03
-5.460374802350997925e-02
4.235675930976867676e-02
7.098850607872009277e-02
3.002840094268321991e-02
2.430052310228347778e-02
-1.734598726034164429e-02
-3.355991095304489136e-02
-9.774613194167613983e-03
-3.682655841112136841e-02
-1.518732402473688126e-02
-1.788098365068435669e-02
-3.619708493351936340e-02
-3.040285315364599228e-03
-1.545201241970062256e-02
-1.780365966260433197e-02
8.336589671671390533e-03
-5.347706377506256104e-02
-3.420122712850570679e-02
-6.085050851106643677e-02
-6.367276608943939209e-02
-5.130859836935997009e-02
8.435457944869995117e-03
6.644084304571151733e-02
1.348506566137075424e-02
7.309680804610252380e-04
-5.668918136507272720e-03
-3.401466831564903259e-02
-2.306240610778331757e-02
3.952243179082870483e-02
1.167254894971847534e-02
1.623693294823169708e-02
6.445967406034469604e-02
7.218739390373229980e-02
8.667647093534469604e-02
3.602933138608932495e-02
5.838473513722419739e-02
-2.437068847939372063e-03
-1.066607143729925156e-02
1.143816672265529633e-02
1.677019149065017700e-02
7.286382839083671570e-03
-1.695778407156467438e-02
-1.890348270535469055e-02
-2.289817295968532562e-02
-3.222777694463729858e-02
-4.424414038658142090e-02
-1.492573786526918411e-02
-9.639357216656208038e-03
-2.938758581876754761e-02
-1.912287808954715729e-02
-7.918260991573333740e-03
-5.047726910561323166e-03
3.873790055513381958e-02
5.277349147945642471e-03
-1.306752022355794907e-02
8.621406741440296173e-04
2.261128090322017670e-02
-1.703914813697338104e-02
-1.684653572738170624e-02
-1.861323975026607513e-02
2.116136252880096436e-02
5.537154152989387512e-02
2.420596405863761902e-02
3.394449129700660706e-02
3.044750168919563293e-02
1.783865503966808319e-02
-5.988660454750061035e-02
-2.203675732016563416e-02
-5.141002312302589417e-02
-4.040287435054779053e-02
-8.172352612018585205e-02
-2.047145366668701172e-02
-3.063185140490531921e-02
-2.635938674211502075e-02
-3.034654073417186737e-02
-8.164551109075546265e-02
-2.723895385861396790e-02
3.700225055217742920e-02
1.687494851648807526e-02
-3.792524803429841995e-03
-3.208617866039276123e-02
-6.668026745319366455e-02
-6.806942075490951538e-02
1.610505022108554840e-02
-6.989911943674087524e-02
-3.681908175349235535e-02
-2.761663310229778290e-02
-1.540963188745081425e-03
6.084945052862167358e-03
-1.083529181778430939e-02
-4.891628865152597427e-03
-4.136054590344429016e-02
-1.934467256069183350e-02
-4.457670822739601135e-02
-4.253277927637100220e-02
-5.808088462799787521e-03
3.453330695629119873e-02
-1.885346323251724243e-02
1.913994923233985901e-02
1.934343390166759491e-02
1.819635927677154541e-02
-2.769785001873970032e-02
-3.466425836086273193e-02
2.396915480494499207e-02
-2.100644819438457489e-02
-2.526371181011199951e-02
1.479240017943084240e-03
-1.274391543120145798e-02
-3.851051256060600281e-02
-2.632096409797668457e-02
-1.491013541817665100e-02
3.842736780643463135e-02
4.997910186648368835e-02
4.836966469883918762e-02
7.019758969545364380e-02
3.810332342982292175e-02
-4.057854041457176208e-02
-1.150450482964515686e-02
-5.012195929884910583e-02
-6.257226224988698959e-03
3.100785799324512482e-02
-3.298004856333136559e-03
2.603819593787193298e-03
1.609926298260688782e-02
3.670104965567588806e-02
2.449092268943786621e-02
-2.065345644950866699e-02
-1.993836648762226105e-02
-4.399419203400611877e-02
1.566707901656627655e-02
-6.574077531695365906e-03
7.080811262130737305e-02
6.910483539104461670e-02
8.563442528247833252e-02
6.841554492712020874e-02
9.644675999879837036e-02
6.151738762855529785e-02
5.683863535523414612e-02
3.120318800210952759e-02
3.221397846937179565e-02
4.066696390509605408e-02
1.125492900609970093e-02
2.791867824271321297e-03
-2.044628374278545380e-02
-4.133861884474754333e-02
1.049579679965972900e-02
-6.435945630073547363e-03
3.914998378604650497e-03
7.419946603477001190e-03
-1.651857164688408375e-04
-3.828031942248344421e-02
1.818253286182880402e-02
-1.887394301593303680e-02
-2.770934812724590302e-02
-2.504573762416839600e-02
-5.444356240332126617e-03
-3.896605595946311951e-02
-4.395170509815216064e-02
-3.164351359009742737e-02
-1.644218713045120239e-02
-1.553215202875435352e-03
-3.903372213244438171e-02
-6.407962739467620850e-02
-6.832079589366912842e-02
-5.590854585170745850e-02
-1.877256855368614197e-02
-1.871142722666263580e-02
-3.901235014200210571e-02
-3.975497558712959290e-02
-4.030559957027435303e-02
2.214242145419120789e-02
-2.999305725097656250e-02
-3.427600488066673279e-02
1.257589086890220642e-02
9.395127184689044952e-03
-1.182183530181646347e-02
-3.467998001724481583e-03
-2.181906625628471375e-02
-3.264299035072326660e-02
-1.654932647943496704e-02
-6.325035821646451950e-03
-3.770785406231880188e-02
9.783991845324635506e-04
-3.873891755938529968e-02
-2.069274336099624634e-02
-3.867204859852790833e-02
-2.898835344240069389e-03
-1.858461461961269379e-02
-1.169137191027402878e-02
-7.819981692591682076e-05
-2.212791331112384796e-02
9.455617146159056574e-06
-1.002056896686553955e-02
-1.980406418442726135e-02
-1.490862388163805008e-02
-2.307036519050598145e-02
-2.472152933478355408e-02
-2.886640280485153198e-02
-8.686400018632411957e-03
-3.693873528391122818e-03
5.150284152477979660e-03
-1.052742125466465950e-03
4.666119813919067383e-03
-2.558246441185474396e-02
-2.286026813089847565e-02
-1.667470857501029968e-02
1.153555512428283691e-02
2.302852645516395569e-02
-5.918257404118776321e-03
1.442403998225927353e-02
1.033346075564622879e-02
6.946905050426721573e-03
-8.911479264497756958e-03
-1.868310943245887756e-02
-3.866550698876380920e-02
1.414387207478284836e-02
5.498655606061220169e-03
7.669963408261537552e-03
-1.089924201369285583e-02
1.403825078159570694e-02
-9.940630989149212837e-04
-3.191286697983741760e-02
-6.398430094122886658e-03
-1.630823686718940735e-02
9.150733239948749542e-04
1.278736977837979794e-03
-6.695596035569906235e-03
-8.383651264011859894e-03
-3.919086419045925140e-03
-1.473051495850086212e-02
-5.354131571948528290e-03
-8.975418284535408020e-03
1.763837598264217377e-02
1.442220527678728104e-02
-1.531642279587686062e-03
-9.830843657255172729e-03
-3.858037665486335754e-02
-3.159269317984580994e-02
-8.124373853206634521e-03
-2.074654586613178253e-02
-3.925893083214759827e-02
4.708547145128250122e-02
4.741684719920158386e-02
7.977191358804702759e-02
-3.338505746796727180e-03
-3.468332870397716761e-04
2.112991362810134888e-02
-6.174087058752775192e-03
-1.173104997724294662e-02
-4.800207912921905518e-02
-1.995603181421756744e-02
1.289797294884920120e-02
1.466876268386840820e-02
1.151224505156278610e-02
4.731132648885250092e-03
3.345356509089469910e-02
-8.069535717368125916e-03
-1.031016744673252106e-02
3.032620437443256378e-02
-3.363983705639839172e-02
2.326064743101596832e-02
4.479145631194114685e-03
1.828215643763542175e-02
-2.230722457170486450e-02
-7.108837366104125977e-03
-8.223728276789188385e-03
-2.127642370760440826e-02
-5.451714619994163513e-03
-3.947247192263603210e-02
-4.072219878435134888e-02
-4.867856204509735107e-02
2.516369521617889404e-02
-4.010476171970367432e-03
-1.913691498339176178e-02
-4.647203162312507629e-02
1.520425267517566681e-02
4.813474789261817932e-02
9.150960482656955719e-03
1.301999017596244812e-02
-1.384623534977436066e-02
-4.774611734319478273e-04
-2.723570913076400757e-02
-9.505875408649444580e-03
-1.936020329594612122e-02
-7.209142670035362244e-03
-1.023553311824798584e-02
-6.491746753454208374e-02
-4.257721826434135437e-02
-5.429179593920707703e-02
-4.718536138534545898e-02
-6.441588699817657471e-02
2.207693457603454590e-02
1.723853498697280884e-02
9.811687283217906952e-03
3.367155557498335838e-03
2.196462452411651611e-02
-4.568119347095489502e-02
6.919690640643239021e-04
2.818831999320536852e-04
-4.255609959363937378e-02
2.134315855801105499e-02
-4.586358368396759033e-02
-1.214023027569055557e-02
-3.063051588833332062e-02
5.701993126422166824e-03
-9.233818389475345612e-03
-2.189521491527557373e-02
-4.102410376071929932e-02
-6.816346943378448486e-02
-1.330411247909069061e-02
-1.732832752168178558e-02
-4.931048676371574402e-02
-5.672141537070274353e-02
-7.426147907972335815e-02
-7.235851883888244629e-02
-3.239705786108970642e-02
-2.559912949800491333e-02
-7.617670344188809395e-04
-1.185262482613325119e-02
1.183409150689840317e-02
1.667588390409946442e-02
1.364660263061523438e-02
-6.371784955263137817e-03
-5.782347638159990311e-03
4.775790031999349594e-03
1.681342162191867828e-02
-4.166259989142417908e-02
-2.051964774727821350e-02
-2.405714243650436401e-02
-5.585102736949920654e-02
-7.141844928264617920e-02
-2.056200243532657623e-02
-6.316068116575479507e-03
-1.792933419346809387e-02
-2.918450534343719482e-02
-5.226284638047218323e-02
2.680732868611812592e-02
-4.007756710052490234e-03
1.181061961688101292e-03
5.188293755054473877e-03
-1.800312288105487823e-02
-5.912241339683532715e-02
-2.204919047653675079e-02
2.086154650896787643e-03
-1.515325903892517090e-02
-4.303760081529617310e-02
-1.714256592094898224e-02
-5.667797848582267761e-02
-4.415911808609962463e-02
-2.210836112499237061e-02
-5.653101205825805664e-02
9.847016073763370514e-03
7.777793332934379578e-03
2.881645224988460541e-02
2.909406833350658417e-02
1.805930398404598236e-02
-4.758043587207794189e-02
-3.190591558814048767e-02
-2.289408259093761444e-02
-3.275623172521591187e-02
-5.500324442982673645e-02
-8.136726915836334229e-03
-2.083822153508663177e-02
-2.333014830946922302e-02
-4.693133290857076645e-03
3.594135493040084839e-02
-4.546155780553817749e-02
-1.195588242262601852e-02
-7.990122772753238678e-03
-1.010842388495802879e-03
-6.892430130392313004e-03
-7.766933739185333252e-02
-4.449828341603279114e-02
-2.673341892659664154e-02
-2.183636277914047241e-02
-3.422619402408599854e-02
-2.248696237802505493e-02
-2.291411347687244415e-02
1.281881053000688553e-02
-4.292830452322959900e-02
-1.586472988128662109e-02
2.377273142337799072e-02
3.126532584428787231e-02
-3.060448728501796722e-02
-4.420672543346881866e-03
-9.620098397135734558e-03
-2.971797250211238861e-02
8.829724974930286407e-03
-6.736449152231216431e-02
2.002320066094398499e-02
-5.901106633245944977e-03
-3.037982806563377380e-02
-3.209182177670300007e-04
2.529917098581790924e-02
-6.301738321781158447e-03
-1.956143416464328766e-02
1.361721567809581757e-02
1.990437880158424377e-02
-3.293083747848868370e-03
-1.110095810145139694e-02
-2.498316951096057892e-02
-4.785728454589843750e-02
-4.951779171824455261e-02
-6.470572203397750854e-02
-5.087437108159065247e-02
-4.989542067050933838e-02
-3.112343139946460724e-02
8.468802087008953094e-03
-3.019260475412011147e-03
-2.324188128113746643e-02
-2.254590205848217010e-02
-1.014957111328840256e-02
-1.136268116533756256e-02
-1.662988401949405670e-02
-2.731560170650482178e-02
-2.485200017690658569e-02
5.424398463219404221e-03
2.007779106497764587e-02
1.685626804828643799e-02
7.876487448811531067e-03
8.570866659283638000e-03
1.215474493801593781e-02
-3.835578390862792730e-04
1.997960358858108521e-02
2.786512859165668488e-02
1.687026396393775940e-02
3.029165416955947876e-02
-4.328646138310432434e-02
-4.189776629209518433e-02
-2.647298388183116913e-02
-9.550148621201515198e-03
1.509352354332804680e-03
-9.073358029127120972e-03
-1.013612188398838043e-02
-1.777454093098640442e-02
-8.978074416518211365e-03
9.197151288390159607e-03
-5.926219001412391663e-02
-4.467306658625602722e-02
-4.009763896465301514e-02
-6.694591045379638672e-02
1.435999572277069092e-02
2.252505905926227570e-02
2.750560641288757324e-02
3.158460604026913643e-03
-3.328752145171165466e-02
8.515860885381698608e-02
8.195301145315170288e-02
6.915931403636932373e-02
6.720914691686630249e-02
7.443719357252120972e-02
4.320455342531204224e-02
1.211930252611637115e-02
1.256959233433008194e-02
2.030489780008792877e-02
-2.116792090237140656e-02
2.454082667827606201e-02
1.191266905516386032e-02
3.993816673755645752e-02
2.824697270989418030e-02
-6.535432301461696625e-03
-1.276240404695272446e-02
-2.904173173010349274e-02
-2.662705071270465851e-02
-1.375571358948945999e-03
-2.999511733651161194e-02
-2.537369541823863983e-02
-1.811386086046695709e-02
-5.065617710351943970e-02
-5.216803774237632751e-02
-3.414482250809669495e-02
-1.575095020234584808e-02
-1.259483490139245987e-02
-2.283999696373939514e-02
3.191668912768363953e-02
1.238372363150119781e-02
9.247411042451858521e-02
1.425787061452865601e-02
7.957781851291656494e-02
8.547935634851455688e-02
7.153899967670440674e-02
-7.098596543073654175e-03
1.739688799716532230e-03
-2.248726785182952881e-02
-2.243118174374103546e-02
-4.540994390845298767e-02
1.748921163380146027e-02
-1.824951730668544769e-02
-3.424659743905067444e-02
1.498725824058055878e-02
4.386078566312789917e-02
-2.488949336111545563e-02
-2.166999503970146179e-02
1.742518739774823189e-03
2.255649492144584656e-02
2.011100761592388153e-02
7.210787385702133179e-02
6.102669239044189453e-02
8.100080490112304688e-02
3.267460316419601440e-02
3.812344744801521301e-02
-4.555658623576164246e-02
-3.677198663353919983e-02
-1.828974857926368713e-02
-9.220383130013942719e-03
-4.430571570992469788e-02
4.645803570747375488e-02
-4.668456036597490311e-03
7.083547767251729965e-03
-4.396784305572509766e-02
-7.697746902704238892e-02
-4.179202020168304443e-02
8.823198266327381134e-03
2.487864531576633453e-02
-7.345499005168676376e-03
-1.719686202704906464e-02
1.413354557007551193e-02
1.090790610760450363e-03
1.594724506139755249e-02
3.972812369465827942e-02
1.777860149741172791e-02
-5.925726518034934998e-02
-3.492048382759094238e-02
1.229879446327686310e-02
-4.073030874133110046e-02
-3.195081278681755066e-02
-6.883813440799713135e-02
-5.706769973039627075e-02
-2.154871076345443726e-02
-9.632505476474761963e-03
-4.097965080291032791e-03
-2.833904325962066650e-02
-5.313563346862792969e-02
-5.782352760434150696e-02
-3.968667984008789062e-02
-5.580445379018783569e-02
-2.779961749911308289e-02
-4.751764237880706787e-02
-3.221137821674346924e-02
-2.647830173373222351e-02
-2.806266024708747864e-02
6.322348117828369141e-02
2.222713083028793335e-02
2.179304137825965881e-02
4.705841094255447388e-02
5.455858632922172546e-02
1.509300339967012405e-02
8.473494090139865875e-03
2.721942774951457977e-02
1.765272021293640137e-02
2.147543057799339294e-02
-4.559398442506790161e-02
-2.521425299346446991e-02
-3.423260152339935303e-02
9.864993393421173096e-03
1.235187519341707230e-02
-1.023818403482437134e-01
-4.731902852654457092e-02
-3.129139170050621033e-02
-5.752022936940193176e-02
-5.030247941613197327e-02
-7.663465104997158051e-03
-2.521508559584617615e-02
-4.075723141431808472e-02
1.684337481856346130e-02
4.936055466532707214e-02
-1.602961681783199310e-02
-5.000951699912548065e-03
-6.447093095630407333e-03
-3.367767669260501862e-03
-6.660722196102142334e-03
-2.144706249237060547e-02
8.758503012359142303e-03
-3.234203159809112549e-02
-4.715315252542495728e-02
-4.686237312853336334e-03
-4.128813743591308594e-02
-3.831792622804641724e-02
-3.310210537165403366e-03
9.711909806355834007e-04
-3.286493942141532898e-03
3.426144644618034363e-02
1.851780898869037628e-02
1.242007128894329071e-02
2.340382896363735199e-02
4.900523647665977478e-02
-3.147723898291587830e-02
-3.925060853362083435e-02
-3.959890827536582947e-02
-3.383348509669303894e-02
9.956939145922660828e-03
-3.859512135386466980e-02
-4.615217819809913635e-02
-4.592729359865188599e-02
-5.996800214052200317e-02
-3.783535957336425781e-02
-1.327324775047600269e-03
-9.617920033633708954e-03
-1.468877401202917099e-02
1.903534494340419769e-02
-1.327929366379976273e-02
-1.858865655958652496e-02
2.284464659169316292e-03
1.744662784039974213e-02
3.431953256949782372e-03
7.726657786406576633e-04
1.874294364824891090e-03
1.992386579513549805e-02
4.330191388726234436e-02
1.120312418788671494e-02
2.243031375110149384e-02
-3.206987306475639343e-02
-2.454075030982494354e-02
-1.575796678662300110e-02
-1.732742786407470703e-02
-1.891082897782325745e-02
-4.869900643825531006e-03
-7.309569418430328369e-02
-6.862747669219970703e-02
-5.440226569771766663e-02
-6.982992589473724365e-02
-3.150769695639610291e-02
-2.915980294346809387e-02
-1.218326017260551453e-02
1.671130955219268799e-02
-1.609560288488864899e-02
-6.054837256669998169e-02
-6.195296719670295715e-02
-3.370340913534164429e-02
-6.191639974713325500e-02
-6.608150154352188110e-02
1.053489651530981064e-02
-1.647585630416870117e-02
-1.768748462200164795e-02
-4.341688007116317749e-02
-4.367028549313545227e-02
-2.562903240323066711e-02
-2.914823219180107117e-02
-1.824925094842910767e-02
-3.669974207878112793e-02
-2.768252603709697723e-02
9.184019640088081360e-03
1.036195433698594570e-03
1.631700620055198669e-02
1.080248132348060608e-02
-5.501903593540191650e-03
-2.170663699507713318e-02
1.782671432010829449e-03
-1.225536782294511795e-02
-3.146083280444145203e-02
-2.684104815125465393e-02
2.919867821037769318e-02
7.501953095197677612e-02
6.129011139273643494e-02
-3.966448456048965454e-02
3.843567892909049988e-02
-2.351403050124645233e-02
-4.414035007357597351e-02
2.471545152366161346e-02
-2.246388234198093414e-02
-3.929966688156127930e-02
9.350633248686790466e-03
3.462782502174377441e-02
6.890826672315597534e-02
2.323514595627784729e-02
2.416603080928325653e-02
-1.217163726687431335e-02
-1.039365306496620178e-02
-1.759649999439716339e-02
-2.841836400330066681e-02
-1.654719561338424683e-02
-2.760972827672958374e-02
-3.468618169426918030e-02
-4.627148807048797607e-02
-8.618092164397239685e-03
-8.986801840364933014e-03
-9.041944518685340881e-03
-2.224640548229217529e-02
-2.906903997063636780e-02
4.737020470201969147e-03
3.789052832871675491e-03
-7.505738176405429840e-04
1.079155318439006805e-02
-2.686182782053947449e-02
-2.037216536700725555e-02
-3.761286207009106874e-04
1.590445823967456818e-02
-5.662275012582540512e-03
-7.037058006972074509e-03
-3.388514742255210876e-02
-1.972527429461479187e-02
-4.764939472079277039e-02
-7.913541048765182495e-02
-9.286188334226608276e-02
-4.541218280792236328e-02
-5.718389153480529785e-02
3.844112902879714966e-02
5.407097563147544861e-02
5.348687991499900818e-03
6.027098372578620911e-02
4.144341871142387390e-02
-1.933600939810276031e-02
-2.018462866544723511e-02
-3.675507381558418274e-02
-2.799775823950767517e-02
-5.355737730860710144e-02
-1.326755620539188385e-02
-1.983561925590038300e-02
4.501241724938154221e-03
3.133506700396537781e-02
-2.811881713569164276e-02
-1.309365406632423401e-02
1.975264213979244232e-02
-9.514568373560905457e-03
2.641644515097141266e-02
1.635969243943691254e-02
-5.536752194166183472e-02
-7.053058594465255737e-02
-8.472215384244918823e-02
-8.410309255123138428e-02
-5.181689187884330750e-02
-3.438322991132736206e-02
1.176867075264453888e-02
5.369794555008411407e-03
5.262598861008882523e-03
2.040569297969341278e-02
-1.175992842763662338e-02
1.288313884288072586e-02
-1.003816351294517517e-02
-1.377343945205211639e-02
-2.199995890259742737e-02
6.780688650906085968e-03
9.202914312481880188e-03
9.793892502784729004e-03
-6.837726570665836334e-03
-7.668288890272378922e-03
-1.676614023745059967e-02
-2.227851748466491699e-02
-8.480129763484001160e-03
5.467771552503108978e-03
2.457246882840991020e-03
5.886838585138320923e-02
4.701876547187566757e-03
1.921006478369235992e-02
4.317955672740936279e-02
-1.730491034686565399e-02
-2.764203026890754700e-02
2.526169177144765854e-03
7.078279554843902588e-02
1.492678537033498287e-03
1.230857335031032562e-02
1.131770294159650803e-02
-3.718926385045051575e-02
2.959237620234489441e-02
-8.413084782660007477e-03
1.824175752699375153e-02
-2.899939380586147308e-02
-1.540005952119827271e-02
-3.826129809021949768e-02
2.734611043706536293e-03
1.583930663764476776e-02
-2.145687863230705261e-02
-2.823447994887828827e-02
-2.973653748631477356e-02
-4.968791827559471130e-02
-2.294706925749778748e-02
-5.169626325368881226e-02
6.366785615682601929e-03
-7.621215772815048695e-04
-7.762192282825708389e-03
-4.279304668307304382e-02
9.483096003532409668e-02
8.675122261047363281e-02
8.906923979520797729e-02
7.786450535058975220e-02
9.476076811552047729e-02
-8.048735558986663818e-03
5.615941248834133148e-03
-1.243162248283624649e-02
-1.456382870674133301e-02
-2.855507284402847290e-02
3.993438556790351868e-02
-1.348988618701696396e-02
1.274797972291707993e-02
-3.993045073002576828e-03
4.702872037887573242e-02
-1.796700060367584229e-03
4.342428874224424362e-03
-4.569760523736476898e-03
-5.977007560431957245e-03
8.491521701216697693e-03
3.486756701022386551e-03
2.677518129348754883e-02
1.343161519616842270e-02
3.679281845688819885e-02
2.560507878661155701e-02
6.352093815803527832e-02
5.967774987220764160e-02
3.818510472774505615e-02
4.748561233282089233e-02
8.162590116262435913e-02
1.166684087365865707e-02
2.011139132082462311e-02
5.799604952335357666e-02
3.823395073413848877e-02
-3.841213509440422058e-02
-3.570932894945144653e-02
1.301636570133268833e-03
9.497471153736114502e-03
2.089982386678457260e-03
-1.574537530541419983e-02
-1.512780599296092987e-02
-3.492027893662452698e-02
-2.399978460744023323e-03
1.025682035833597183e-02
-1.050532050430774689e-02
9.120462089776992798e-02
7.416510581970214844e-02
5.781831592321395874e-02
8.185599744319915771e-02
6.432500481605529785e-02
-1.268301159143447876e-02
-1.406783517450094223e-02
-2.505728974938392639e-02
1.340037561021745205e-03
4.966680891811847687e-03
1.842367276549339294e-02
-2.407987602055072784e-02
-3.165419027209281921e-02
-5.248472560197114944e-03
-7.876947522163391113e-03
1.584482961334288120e-03
-1.022105477750301361e-02
5.039073992520570755e-03
-2.527826651930809021e-02
-2.780908718705177307e-02
-3.784970566630363464e-02
-5.087640509009361267e-02
-6.386329978704452515e-02
-3.338034823536872864e-02
-4.421922937035560608e-02
5.274780094623565674e-02
-4.680785164237022400e-02
1.109934505075216293e-02
1.297765690833330154e-02
-1.716631231829524040e-03
9.021736681461334229e-03
5.731364712119102478e-03
7.418190687894821167e-02
7.539871335029602051e-02
7.462492585182189941e-02
9.022227604873478413e-04
-3.111310768872499466e-03
-3.172511607408523560e-02
1.779092708602547646e-03
-4.462358355522155762e-02
-9.889842011034488678e-03
3.896523267030715942e-02
2.702360972762107849e-02
6.162696331739425659e-02
1.120954472571611404e-02
4.134937375783920288e-02
3.031432256102561951e-02
9.256086498498916626e-02
1.023126691579818726e-01
3.092175163328647614e-02
-4.998628050088882446e-02
-3.088608197867870331e-02
-5.483801010996103287e-03
-1.012884173542261124e-02
-2.723604068160057068e-02
-2.347839809954166412e-02
-4.409107565879821777e-02
-2.318653836846351624e-02
-3.793032094836235046e-02
-7.132282014936208725e-03
1.249736174941062927e-03
6.684576626867055893e-03
6.543570198118686676e-03
-1.613095588982105255e-02
6.999731995165348053e-03
-6.730152294039726257e-03
-1.400338299572467804e-02
-3.115137666463851929e-02
-1.293198112398386002e-02
-5.454985890537500381e-03
-1.381761953234672546e-02
1.547021325677633286e-02
2.208268642425537109e-02
1.146183698438107967e-03
-1.389100681990385056e-02
2.098819240927696228e-02
3.871145844459533691e-02
1.769873127341270447e-02
2.437615208327770233e-02
2.988062798976898193e-02
-2.681654132902622223e-02
-2.019684948027133942e-02
-8.605435490608215332e-03
-8.825765922665596008e-03
-3.515448793768882751e-02
-2.153106965124607086e-03
9.975591819966211915e-05
1.398684456944465637e-02
6.369737908244132996e-03
7.648010738193988800e-03
-5.836262926459312439e-02
-8.093410171568393707e-03
-2.832602150738239288e-02
-4.840962961316108704e-02
-4.543824866414070129e-02
-3.667383641004562378e-02
-4.832769557833671570e-02
-1.283557806164026260e-02
-3.183946385979652405e-02
-6.058748066425323486e-02
-1.703293249011039734e-02
1.542547624558210373e-02
-3.837678581476211548e-02
-3.077444387599825859e-03
1.687732338905334473e-02
-4.549860581755638123e-02
-4.267817735671997070e-02
-5.749636143445968628e-02
-3.267399966716766357e-02
-6.107209995388984680e-02
-2.286403812468051910e-02
1.822326518595218658e-02
2.390460809692740440e-03
-1.124218385666608810e-02
-3.242888301610946655e-02
5.936988443136215210e-02
3.855153918266296387e-02
1.877913996577262878e-02
6.969065219163894653e-02
4.199606925249099731e-02
-3.356306999921798706e-02
-3.048722865059971809e-04
-1.649041310884058475e-03
-2.480821497738361359e-02
-2.921902947127819061e-02
-1.211769413203001022e-02
-7.689213816775009036e-05
-1.379775814712047577e-02
-2.061965689063072205e-02
-1.279906183481216431e-02
-1.209826208651065826e-02
-4.501671344041824341e-02
-3.060398250818252563e-02
-3.644628822803497314e-02
-1.865262910723686218e-02
-6.147849932312965393e-02
-1.869531534612178802e-02
-2.235755883157253265e-02
-1.977901160717010498e-02
-7.151602208614349365e-02
4.708132473751902580e-04
-3.054186888039112091e-02
-3.686115890741348267e-02
8.508496917784214020e-03
1.170312985777854919e-02
-2.341516502201557159e-02
-9.472635574638843536e-03
-2.662920579314231873e-02
-2.063188329339027405e-02
-2.159543521702289581e-02
-1.791490428149700165e-02
-9.830599650740623474e-03
-1.023455150425434113e-02
1.367292832583189011e-02
6.884101312607526779e-03
-6.208983715623617172e-03
9.992419509217143059e-04
-1.541810296475887299e-02
3.839250281453132629e-02
3.847776353359222412e-02
1.542859058827161789e-02
5.848837550729513168e-03
-5.843114573508501053e-03
-2.463734522461891174e-02
-4.052087664604187012e-02
3.126274421811103821e-02
3.449433296918869019e-02
7.344646379351615906e-03
4.033635556697845459e-02
-8.059889078140258789e-03
2.438819594681262970e-02
1.518578827381134033e-02
2.897477336227893829e-02
1.704576890915632248e-03
-1.630386710166931152e-02
-5.174798890948295593e-03
3.184177353978157043e-02
-1.374966371804475784e-02
-3.723300620913505554e-02
-3.351815417408943176e-02
-3.545981366187334061e-03
1.082284608855843544e-03
-1.381718553602695465e-02
1.382625475525856018e-02
-1.572042889893054962e-02
-9.678187780082225800e-03
2.703823149204254150e-02
1.818646676838397980e-02
-6.071890145540237427e-02
-4.430006816983222961e-02
2.463867142796516418e-02
-1.024604123085737228e-02
-3.304168581962585449e-03
-8.267020806670188904e-03
1.630842802114784718e-03
4.651558399200439453e-02
2.560295723378658295e-02
4.072751104831695557e-02
3.286099061369895935e-02
2.187267132103443146e-02
1.062651164829730988e-02
1.003122981637716293e-02
1.773978769779205322e-02
3.890237957239151001e-02
-1.600713469088077545e-02
-1.982550881803035736e-02
-8.638990111649036407e-03
-2.158570662140846252e-02
-7.626816513948142529e-04
-1.080190669745206833e-02
-5.942971445620059967e-03
-2.194484509527683258e-02
-7.134357932955026627e-03
-1.405337080359458923e-02
-6.635290919803082943e-04
-3.390325233340263367e-02
-3.986806422472000122e-02
-2.511950582265853882e-02
-1.074505783617496490e-02
-2.183199115097522736e-02
-2.466519549489021301e-02
-2.660152502357959747e-02
-2.882440946996212006e-02
-4.488715156912803650e-02
-4.225740209221839905e-02
2.749616280198097229e-02
8.994992822408676147e-03
-1.045081485062837601e-02
-1.261479593813419342e-02
-2.060907660052180290e-03
3.691093623638153076e-02
4.623435437679290771e-03
2.500722650438547134e-03
-5.462747812271118164e-02
3.851966932415962219e-02
-1.350664719939231873e-02
4.852999933063983917e-03
-2.596753835678100586e-02
-2.116657607257366180e-02
-2.826332673430442810e-02
-8.054600097239017487e-03
3.845166787505149841e-02
-5.655661225318908691e-03
-7.364347402472048998e-05
-6.741691846400499344e-03
-3.692970378324389458e-03
-1.449986733496189117e-02
4.335281904786825180e-03
-3.395579010248184204e-02
-4.830204322934150696e-02
3.602459561079740524e-03
-2.491617389023303986e-02
2.983536198735237122e-02
-5.268156901001930237e-02
2.414158778265118599e-03
3.303934819996356964e-03
1.724105700850486755e-02
-4.785166587680578232e-03
3.627692814916372299e-03
-5.504129454493522644e-03
4.389535635709762573e-02
3.962469846010208130e-02
2.906898967921733856e-02
2.110513299703598022e-02
2.822581736836582422e-04
2.914755977690219879e-02
3.566040191799402237e-03
-4.122310876846313477e-02
8.327167481184005737e-03
-2.789054624736309052e-02
1.770034432411193848e-02
5.147507414221763611e-03
1.569284498691558838e-02
-2.617059973999857903e-03
1.678184233605861664e-02
1.264655776321887970e-02
-9.743316099047660828e-03
9.824600070714950562e-03
5.141058936715126038e-02
5.472415685653686523e-02
-4.201978072524070740e-02
-2.127905189990997314e-02
-3.002271614968776703e-02
-3.915442153811454773e-02
1.060805842280387878e-02
5.427213385701179504e-03
3.200994804501533508e-03
-3.005294129252433777e-02
-9.940206073224544525e-03
-2.258894965052604675e-02
1.916781440377235413e-02
1.384034007787704468e-02
1.033969316631555557e-02
5.975384265184402466e-03
4.440876655280590057e-03
-1.636035856790840626e-03
2.995408698916435242e-02
3.353255614638328552e-02
2.382383868098258972e-02
4.219534248113632202e-02
-1.429108437150716782e-02
9.677895344793796539e-03
-9.586012922227382660e-03
-3.338366001844406128e-02
-1.377468369901180267e-02
2.221873216331005096e-02
-1.211420726031064987e-02
2.909854752942919731e-03
-7.251619827002286911e-03
2.241468988358974457e-03
7.155521959066390991e-02
1.741763390600681305e-02
6.915594916790723801e-03
8.284490555524826050e-03
5.651868879795074463e-02
-1.053617708384990692e-02
-1.118192821741104126e-02
7.903756573796272278e-03
-2.786793559789657593e-02
-2.351502701640129089e-02
2.026390843093395233e-02
3.622861579060554504e-02
1.550536043941974640e-02
2.446458488702774048e-02
1.625247672200202942e-02
6.298039108514785767e-02
6.244220957159996033e-02
6.639701128005981445e-02
5.383849516510963440e-02
6.539522856473922729e-02
2.592224441468715668e-02
6.926766596734523773e-03
-2.170203812420368195e-02
-3.682730346918106079e-02
-1.787522342056035995e-03
2.090152539312839508e-02
-4.845293238759040833e-03
2.198975346982479095e-02
-1.513654924929141998e-02
-3.709020558744668961e-03
-1.370929740369319916e-02
-7.064720615744590759e-03
-9.228234179317951202e-03
-3.627687692642211914e-02
3.784089116379618645e-03
-1.891196891665458679e-02
-1.413339469581842422e-02
-1.793677546083927155e-02
-5.146326962858438492e-03
-3.567606955766677856e-02
1.146386843174695969e-02
1.633950509130954742e-02
3.069970570504665375e-02
2.651677094399929047e-02
1.340294536203145981e-02
4.523267969489097595e-03
-5.967944394797086716e-03
-2.387729287147521973e-02
-2.152130194008350372e-02
-9.100042283535003662e-03
4.411843547131866217e-04
3.473103791475296021e-02
2.878195792436599731e-02
-3.056874684989452362e-02
-3.555315360426902771e-02
-1.026602927595376968e-02
-1.576740853488445282e-02
-6.034476310014724731e-02
-5.736367031931877136e-02
-6.275205407291650772e-03
3.606559708714485168e-03
1.504283957183361053e-02
-2.211310900747776031e-02
-2.671261876821517944e-02
-1.083588693290948868e-03
8.519137278199195862e-03
2.499286271631717682e-02
1.743059046566486359e-02
2.639964967966079712e-02
2.968104369938373566e-02
-6.344402791000902653e-04
5.066823214292526245e-02
1.067186519503593445e-02
-1.752683334052562714e-02
-2.849224396049976349e-02
7.717723958194255829e-03
-2.370124682784080505e-02
-4.432325810194015503e-02
-4.030192643404006958e-02
-1.384968310594558716e-02
-5.000562593340873718e-02
-3.488767892122268677e-02
-2.805293910205364227e-02
-1.574236527085304260e-02
-3.223969414830207825e-02
4.648113623261451721e-02
4.476321488618850708e-02
3.191641718149185181e-02
4.579981416463851929e-02
2.378104999661445618e-02
1.943060941994190216e-02
2.384957112371921539e-02
1.418896112591028214e-02
-3.021590970456600189e-02
-2.332361415028572083e-02
1.564038917422294617e-02
1.378257200121879578e-02
-5.467386450618505478e-03
2.872331999242305756e-02
4.088668525218963623e-02
-2.056284807622432709e-02
6.617069710046052933e-03
-8.074050769209861755e-03
-2.641297131776809692e-02
4.649288021028041840e-03
1.154035213403403759e-03
-1.857594773173332214e-02
-5.843751132488250732e-03
-9.974366053938865662e-03
5.186211317777633667e-03
-1.555112376809120178e-02
-2.629658207297325134e-02
-1.379537396132946014e-02
-3.667202219367027283e-02
-3.927060961723327637e-02
-1.937914453446865082e-02
6.042261142283678055e-03
-3.805689513683319092e-02
-3.716936334967613220e-02
-3.675201907753944397e-02
-2.571641467511653900e-02
-1.653897017240524292e-02
-2.776227332651615143e-02
-4.491182044148445129e-03
1.487139146775007248e-02
4.544128105044364929e-02
6.544109433889389038e-02
1.696075126528739929e-02
6.028316169977188110e-02
5.657361075282096863e-02
-2.114265784621238708e-02
-3.104244358837604523e-03
2.328393049538135529e-02
6.332996301352977753e-03
-2.648631669580936432e-02
4.713337868452072144e-02
6.948127876967191696e-03
1.973444409668445587e-02
2.539597451686859131e-02
3.991974145174026489e-02
-3.518043830990791321e-02
-5.149261653423309326e-02
-4.382915794849395752e-02
-6.531166285276412964e-02
-3.769594803452491760e-02
-4.977176710963249207e-02
6.566262338310480118e-03
-1.185135170817375183e-02
-1.544433459639549255e-02
4.904793575406074524e-02
-3.746763570234179497e-03
-1.298985350877046585e-02
2.537830546498298645e-02
1.682435534894466400e-02
-1.644204743206501007e-02
-1.312461402267217636e-02
-8.408942259848117828e-03
-7.848796434700489044e-03
1.858718320727348328e-02
9.162503294646739960e-03
-1.916555874049663544e-02
-2.970001474022865295e-02
-5.985547974705696106e-02
-6.973247230052947998e-02
-1.851307600736618042e-02
1.077662874013185501e-02
-1.137017365545034409e-02
6.002553179860115051e-02
-1.653496362268924713e-02
1.131252106279134750e-02
-3.525445982813835144e-02
-3.354708850383758545e-02
-2.289040014147758484e-02
-1.632723398506641388e-02
-6.533044390380382538e-03
-6.198265030980110168e-02
-8.179301023483276367e-02
-2.823976613581180573e-02
-3.763902559876441956e-02
-4.798620939254760742e-02
-2.697254158556461334e-02
-2.667155489325523376e-02
-4.526656493544578552e-02
-1.405880413949489594e-02
-4.428207874298095703e-03
1.199663747684098780e-04
2.173617109656333923e-02
4.166597034782171249e-03
7.806249894201755524e-03
3.616102272644639015e-03
9.906010702252388000e-03
4.030732437968254089e-02
4.043046012520790100e-02
-1.564723066985607147e-02
1.363119389861822128e-02
3.821494802832603455e-02
5.263043567538261414e-02
6.305011361837387085e-02
1.810005120933055878e-02
3.740328177809715271e-02
7.542277686297893524e-03
-1.766745187342166901e-02
1.536160800606012344e-02
8.657708764076232910e-03
2.654345706105232239e-02
-1.458578277379274368e-02
1.502239331603050232e-02
-1.076387614011764526e-02
-4.261450469493865967e-02
3.973145037889480591e-03
8.158004842698574066e-03
-3.203392028808593750e-02
-7.638067472726106644e-03
-1.257880311459302902e-02
-2.225061133503913879e-02
5.298091098666191101e-02
1.823729020543396473e-03
5.483559146523475647e-02
4.179990291595458984e-02
2.376393042504787445e-02
3.037334419786930084e-03
-8.883859962224960327e-03
-2.755839005112648010e-02
-3.089477121829986572e-02
7.055792957544326782e-03
9.969988837838172913e-03
2.214404381811618805e-02
9.246740373782813549e-04
1.970081031322479248e-02
3.459317376837134361e-03
8.821112662553787231e-02
8.762329816818237305e-02
4.858040809631347656e-02
6.847316026687622070e-02
6.969435513019561768e-02
2.491937577724456787e-02
1.447326783090829849e-02
5.354309920221567154e-03
-1.755488920025527477e-03
1.203494146466255188e-02
7.932570762932300568e-03
4.725687205791473389e-02
6.233918480575084686e-03
2.182309515774250031e-02
9.397830814123153687e-03
-1.366131845861673355e-02
-9.427765384316444397e-03
1.590656489133834839e-02
3.401644527912139893e-03
6.888806354254484177e-03
-1.425880752503871918e-02
-3.104848600924015045e-02
-1.533592026680707932e-02
-1.516915764659643173e-02
-2.827621996402740479e-02
-6.040615960955619812e-03
5.246852524578571320e-03
-7.145948708057403564e-03
1.665618643164634705e-02
-2.061245962977409363e-02
-2.357173524796962738e-02
-2.852019853889942169e-02
-4.097077064216136932e-03
3.662466304376721382e-03
-3.780182078480720520e-02
3.282631933689117432e-02
1.259411033242940903e-02
2.430215664207935333e-02
1.143697742372751236e-02
-4.120361059904098511e-03
-1.153955981135368347e-02
-1.924487762153148651e-02
-1.654303073883056641e-02
-5.286820605397224426e-02
-3.374082967638969421e-02
1.002972573041915894e-02
3.076609410345554352e-02
7.514904718846082687e-03
6.084588821977376938e-04
-1.977912709116935730e-02
4.526861757040023804e-02
3.836223110556602478e-02
4.438314959406852722e-02
5.270130559802055359e-02
5.614414438605308533e-02
-1.789323613047599792e-02
-8.128651976585388184e-02
-2.654231525957584381e-02
-2.782770060002803802e-02
-1.767372526228427887e-02
2.986803650856018066e-02
-1.664815843105316162e-02
2.586143836379051208e-02
8.843236137181520462e-04
1.190459635108709335e-02
-1.661235280334949493e-02
-1.354618277400732040e-02
1.245730370283126831e-02
-2.623505517840385437e-02
-3.662683814764022827e-02
1.484167668968439102e-02
-2.742602117359638214e-02
3.257807716727256775e-02
3.946912288665771484e-02
-2.031003870069980621e-02
5.142752453684806824e-02
5.883282423019409180e-02
6.774915009737014771e-02
6.325486302375793457e-02
5.203629285097122192e-02
1.171461865305900574e-02
2.204052172601222992e-02
9.949603676795959473e-02
3.404943272471427917e-02
2.711818553507328033e-02
-3.428661450743675232e-02
-6.647802889347076416e-02
-3.443693369626998901e-02
-2.410217933356761932e-02
-5.060606077313423157e-02
-4.104336723685264587e-02
-2.921504899859428406e-02
-2.092848904430866241e-02
-6.024430971592664719e-03
6.861402187496423721e-03
1.551244687288999557e-02
-4.425960034132003784e-02
-3.364407271146774292e-02
-2.640677616000175476e-02
8.329586125910282135e-03
-1.337299030274152756e-02
-8.236897177994251251e-03
2.507660724222660065e-02
3.125264123082160950e-02
2.901565842330455780e-02
4.919768497347831726e-02
2.652721107006072998e-02
-3.800907358527183533e-02
-4.119856655597686768e-02
-2.468224801123142242e-02
1.646097004413604736e-02
1.846819184720516205e-02
7.940877228975296021e-02
4.138852283358573914e-02
6.646213680505752563e-02
2.824794687330722809e-02
-3.337477892637252808e-02
-1.724298670887947083e-02
-1.541538722813129425e-02
-8.946126326918601990e-03
3.420654311776161194e-02
-8.452535606920719147e-03
9.403277188539505005e-03
-4.104570951312780380e-03
6.427139788866043091e-02
-8.051776327192783356e-03
-2.055915445089340210e-02
-4.136811941862106323e-03
-9.923240169882774353e-03
-1.904452778398990631e-02
-1.439793966710567474e-02
-7.002353668212890625e-02
5.603276193141937256e-03
-6.132376939058303833e-02
-4.775194823741912842e-02
8.097401820123195648e-03
-9.725570678710937500e-03
3.915321454405784607e-02
3.562609851360321045e-02
1.066412217915058136e-02
4.282829817384481430e-03
-5.204903893172740936e-03
-6.548140943050384521e-02
-4.225577786564826965e-02
-4.410930350422859192e-02
-9.114826098084449768e-03
9.809105657041072845e-03
-3.061654046177864075e-02
1.447450928390026093e-02
-3.348745033144950867e-02
-2.107752021402120590e-03
-3.518761694431304932e-02
-4.068960621953010559e-02
-2.258217334747314453e-02
-2.874774113297462463e-02
-5.516178533434867859e-02
-6.654769182205200195e-02
-7.547298446297645569e-03
2.255393937230110168e-02
-2.386844158172607422e-02
-6.712858378887176514e-02
-6.453529000282287598e-02
-4.396358132362365723e-02
-2.594585716724395752e-02
-3.989435732364654541e-02
-2.099180780351161957e-02
-2.838102169334888458e-02
-2.190210856497287750e-02
-5.482672154903411865e-02
-2.083259262144565582e-02
1.623970456421375275e-02
-1.566592790186405182e-02
-1.310772640863433480e-04
-1.404568552970886230e-02
5.576413590461015701e-03
-5.078292638063430786e-02
1.372888591140508652e-02
-3.654498234391212463e-02
-2.933048829436302185e-02
-1.122383400797843933e-02
-2.728714048862457275e-02
1.677366904914379120e-02
1.639492623507976532e-02
1.814738474786281586e-02
-5.749348551034927368e-02
-4.211312904953956604e-02
-3.028714843094348907e-02
-2.560465410351753235e-02
2.692971145734190941e-03
-3.358537796884775162e-04
1.683195680379867554e-02
2.146750129759311676e-02
-3.824958205223083496e-02
1.362347509711980820e-02
2.192866615951061249e-02
-3.674341365694999695e-02
-3.689941018819808960e-02
-2.273192815482616425e-02
-2.786036767065525055e-02
-5.499448254704475403e-02
7.644591480493545532e-02
5.418025702238082886e-02
7.237490266561508179e-02
6.496486067771911621e-02
8.204881101846694946e-02
1.757658272981643677e-02
2.579028531908988953e-02
7.874893024563789368e-03
1.649585366249084473e-02
-1.147969439625740051e-02
1.400715019553899765e-02
-3.844233974814414978e-02
-4.357252642512321472e-02
1.173550728708505630e-02
-5.470709130167961121e-02
-2.542179822921752930e-02
-3.550653159618377686e-02
-3.835676982998847961e-02
-4.485740326344966888e-03
-2.913254313170909882e-02
5.174311622977256775e-02
4.400542005896568298e-02
6.026728451251983643e-02
4.587681964039802551e-02
5.580221861600875854e-02
2.177965827286243439e-02
-6.516263820230960846e-03
1.130386255681514740e-02
1.616841927170753479e-02
-1.662094704806804657e-02
-6.832729559391736984e-03
1.026555988937616348e-02
1.050019171088933945e-02
-2.150483801960945129e-02
-2.977412566542625427e-02
-3.658705949783325195e-02
-7.527173031121492386e-03
2.351574803469702601e-04
-6.891505420207977295e-02
-7.757682353258132935e-02
1.829927973449230194e-02
5.529897660017013550e-02
9.722159057855606079e-02
5.956193432211875916e-02
5.459583550691604614e-02
-2.516741864383220673e-03
-9.451121091842651367e-03
-1.168882474303245544e-02
4.978243634104728699e-02
-1.045182626694440842e-02
-6.395261734724044800e-03
-1.879938179627060890e-03
2.409920096397399902e-02
2.301424369215965271e-02
4.711333662271499634e-03
1.051603630185127258e-02
3.902124706655740738e-03
-8.661984466016292572e-03
-2.480603381991386414e-02
-1.249264460057020187e-02
2.520482987165451050e-02
2.301796339452266693e-02
-3.594951238483190536e-03
4.611152037978172302e-02
1.181956566870212555e-02
-2.836040779948234558e-02
1.677498966455459595e-02
6.387505214661359787e-03
1.702488027513027191e-02
-1.337141171097755432e-02
-7.209795713424682617e-02
-6.589192897081375122e-02
-4.438233375549316406e-02
3.713487647473812103e-03
3.174606710672378540e-03
7.057368755340576172e-03
1.149596646428108215e-02
1.762788370251655579e-02
9.007239714264869690e-03
1.135558937676250935e-03
-3.431978449225425720e-02
-6.281349062919616699e-02
-7.350930571556091309e-02
-7.906504720449447632e-02
-3.009096905589103699e-02
-2.734361961483955383e-02
-1.304381527006626129e-02
-1.938342116773128510e-02
-6.910781841725111008e-03
-2.988227829337120056e-02
8.976943045854568481e-02
7.646636664867401123e-02
6.438817083835601807e-02
7.510553300380706787e-02
1.494860835373401642e-02
-9.118553251028060913e-02
-4.997554048895835876e-02
-5.956762656569480896e-02
-8.891211450099945068e-02
-2.985434979200363159e-02
1.294479798525571823e-02
-1.235271804034709930e-02
-4.015096276998519897e-02
-3.507500514388084412e-02
1.011992804706096649e-02
-4.082026705145835876e-02
-3.948482125997543335e-02
-5.058917775750160217e-02
-4.395369067788124084e-02
-6.234169378876686096e-02
-2.132508158683776855e-02
-4.437603801488876343e-02
-6.194633431732654572e-03
5.594206042587757111e-03
-2.355186827480792999e-02
2.496293000876903534e-02
-3.703882917761802673e-02
1.801224611699581146e-02
2.189082838594913483e-02
3.072683885693550110e-02
4.341390449553728104e-03
-3.007015585899353027e-02
-2.439710497856140137e-02
6.155968084931373596e-02
5.726089701056480408e-02
-6.202907767146825790e-03
-1.787111908197402954e-02
-2.712178602814674377e-02
-2.964356914162635803e-02
-1.712934812530875206e-03
-7.925689220428466797e-03
-3.746491670608520508e-02
-1.934366114437580109e-02
-9.157463908195495605e-03
2.321908250451087952e-03
-1.145492680370807648e-02
-2.593626268208026886e-02
-4.455032572150230408e-02
4.453491047024726868e-02
-3.959980979561805725e-02
-6.002318579703569412e-03
-9.475390426814556122e-03
-2.242928370833396912e-02
1.427739043720066547e-03
4.844205081462860107e-02
1.690664142370223999e-02
5.599319003522396088e-03
-1.756838173605501652e-04
-9.230132563970983028e-04
1.668305322527885437e-02
-8.452999591827392578e-02
-6.298290193080902100e-02
-5.738209187984466553e-02
-7.523825764656066895e-02
-5.739783123135566711e-02
-2.162353321909904480e-02
-2.096776105463504791e-02
2.737789414823055267e-03
-5.382955074310302734e-03
8.968484587967395782e-03
-1.330389361828565598e-02
1.086351647973060608e-02
1.292153168469667435e-02
1.021595206111669540e-02
9.227915666997432709e-03
1.060287468135356903e-02
-1.177140418440103531e-02
1.761366799473762512e-02
2.106931060552597046e-02
4.232551530003547668e-02
8.929405361413955688e-03
8.830112405121326447e-03
3.689259290695190430e-03
3.697335952892899513e-03
-2.658444270491600037e-02
-4.166526719927787781e-02
-1.127263437956571579e-02
-1.308855600655078888e-02
-8.781270124018192291e-03
-4.148444533348083496e-02
7.828234136104583740e-02
7.844625413417816162e-02
6.550790369510650635e-02
5.948642641305923462e-02
1.444786787033081055e-02
-4.090727865695953369e-02
-2.268936671316623688e-02
2.985234139487147331e-03
-1.195457065477967262e-03
3.244710713624954224e-02
1.892641745507717133e-02
4.014061391353607178e-02
4.782726522535085678e-03
3.481312096118927002e-02
-3.680182620882987976e-02
-3.757390379905700684e-02
-4.230120405554771423e-02
2.441177144646644592e-03
-2.065938897430896759e-02
-6.393101066350936890e-03
8.219900727272033691e-02
4.482561722397804260e-02
4.183605313301086426e-02
7.531425356864929199e-02
6.146413460373878479e-02
5.740295629948377609e-03
7.735344115644693375e-03
1.050319336354732513e-02
-1.206141337752342224e-02
-1.633667573332786560e-02
-2.848151139914989471e-02
1.242713420651853085e-03
-5.880451761186122894e-03
-5.213960073888301849e-03
-8.190271444618701935e-03
1.773693785071372986e-02
-2.740504778921604156e-02
8.164013735949993134e-03
7.692984770983457565e-03
2.116003446280956268e-02
-5.474039167165756226e-02
-6.731170229613780975e-03
4.156053438782691956e-02
-3.096359316259622574e-03
-2.670930698513984680e-02
-1.243368629366159439e-02
-3.419669345021247864e-03
1.364722102880477905e-02
-1.151517592370510101e-02
3.221643390133976936e-03
3.422019258141517639e-02
-1.749710924923419952e-02
4.187448322772979736e-02
-1.304332818835973740e-02
3.774855285882949829e-02
3.002783923875540495e-04
-3.498027473688125610e-02
-2.003973349928855896e-02
-2.191331051290035248e-02
-2.089976891875267029e-02
3.770410642027854919e-02
-1.599973440170288086e-02
-2.097594179213047028e-02
1.426357775926589966e-02
-1.398239633999764919e-03
2.836864069104194641e-02
2.881432510912418365e-02
4.081675782799720764e-02
-4.348589573055505753e-03
-3.888682462275028229e-03
-3.538537025451660156e-02
-8.169599459506571293e-04
-1.193703152239322662e-02
5.178261548280715942e-03
1.313424482941627502e-02
2.887114696204662323e-02
-1.616171374917030334e-02
-1.678065024316310883e-02
-2.092478051781654358e-02
-3.144319728016853333e-02
-3.823784366250038147e-02
-4.797060042619705200e-02
-8.316654711961746216e-02
-9.503673762083053589e-02
-3.114204108715057373e-02
8.682711981236934662e-03
-2.148211374878883362e-02
-3.174464404582977295e-02
-2.772627770900726318e-02
-2.294006012380123138e-02
7.263947278261184692e-02
6.951007992029190063e-02
7.699476182460784912e-02
6.396500766277313232e-02
7.574499398469924927e-02
6.417614966630935669e-02
8.002991229295730591e-02
6.337964534759521484e-02
1.456035487353801727e-02
3.030165657401084900e-02
2.593045122921466827e-03
-3.789733350276947021e-02
4.798473417758941650e-02
-2.564085833728313446e-02
1.718719862401485443e-02
-1.454251818358898163e-02
-3.340103849768638611e-02
-4.667016118764877319e-02
-7.959831506013870239e-03
-5.636559426784515381e-02
-1.657902635633945465e-02
6.945432978682219982e-04
4.217678681015968323e-03
-1.583154499530792236e-02
1.694061420857906342e-02
-8.309725672006607056e-03
-2.399827167391777039e-02
1.877734810113906860e-02
-1.798974722623825073e-02
2.797896973788738251e-02
6.355851422995328903e-03
-1.791634969413280487e-02
1.263066567480564117e-02
-7.790959440171718597e-03
-1.208890788257122040e-02
-2.245252765715122223e-02
7.427552714943885803e-03
-1.693376898765563965e-02
-1.493535749614238739e-02
-1.825775019824504852e-02
-4.417164018377661705e-04
1.874600653536617756e-03
-1.137408893555402756e-02
6.042456626892089844e-02
-1.434249803423881531e-02
4.807856865227222443e-03
1.523224357515573502e-02
4.372932482510805130e-03
-1.064638141542673111e-02
4.886366799473762512e-02
-4.829930886626243591e-02
2.347460947930812836e-02
2.338333986699581146e-02
-5.713604856282472610e-03
1.586004532873630524e-02
-4.518140479922294617e-02
-5.634610354900360107e-02
-1.668839901685714722e-02
-2.990488335490226746e-02
-1.741419173777103424e-02
2.971145324409008026e-02
2.109519578516483307e-02
1.609845459461212158e-02
8.091482333838939667e-03
-5.924810189753770828e-03
1.529981475323438644e-02
-1.089699100703001022e-02
-1.728966087102890015e-02
-4.369840025901794434e-02
1.500758621841669083e-02
-1.954003609716892242e-02
-4.126735031604766846e-03
1.409015152603387833e-02
-4.515613615512847900e-02
1.622664975002408028e-03
5.578079819679260254e-02
4.880709201097488403e-02
5.129055678844451904e-02
4.511828720569610596e-02
6.036408618092536926e-02
-4.127544164657592773e-02
-3.345658630132675171e-02
-3.147004917263984680e-02
-2.118060551583766937e-02
-3.130928799510002136e-02
-6.054842844605445862e-02
-4.502400755882263184e-02
-1.559517811983823776e-02
-5.520289763808250427e-02
-3.638857975602149963e-02
-2.429249137639999390e-02
-9.999087080359458923e-03
-3.617361187934875488e-03
5.638330243527889252e-03
9.870452806353569031e-03
-3.317488357424736023e-02
-3.607515618205070496e-02
-2.777948789298534393e-02
-3.104139305651187897e-02
-5.220004171133041382e-02
1.944466494023799896e-02
6.089772656559944153e-02
-1.240599155426025391e-02
7.855013944208621979e-03
-2.685437723994255066e-02
-4.566671326756477356e-02
-4.064449667930603027e-02
-3.867166116833686829e-02
-1.261718850582838058e-02
-6.816881895065307617e-02
-4.831527918577194214e-02
-7.404081523418426514e-02
-4.332841187715530396e-02
-5.621286854147911072e-02
-4.443567618727684021e-02
2.889750152826309204e-02
3.783243242651224136e-03
4.080912843346595764e-02
1.666452176868915558e-02
7.415645290166139603e-03
1.040287502110004425e-02
-1.900596171617507935e-02
5.874324589967727661e-03
-2.486531622707843781e-02
-1.701179333031177521e-02
-5.688781663775444031e-02
2.187441848218441010e-02
2.614451386034488678e-02
-1.081818435341119766e-02
-1.743945106863975525e-02
-7.257737219333648682e-03
-1.151422690600156784e-02
1.894482597708702087e-02
8.304961025714874268e-03
-8.797422982752323151e-03
6.490556150674819946e-02
3.976958990097045898e-02
6.536410748958587646e-02
3.520541265606880188e-02
4.492013156414031982e-02
8.097806014120578766e-03
-4.622140154242515564e-02
-8.643066138029098511e-02
-5.174902454018592834e-02
-1.713855308480560780e-03
-8.655848912894725800e-03
1.175064314156770706e-02
5.251776892691850662e-04
-8.541042916476726532e-03
-2.611631900072097778e-02
1.859872951172292233e-03
-2.159078791737556458e-02
-1.608765311539173126e-02
4.527993965893983841e-03
-2.356843091547489166e-02
-2.698146365582942963e-02
9.812141070142388344e-04
-3.387074545025825500e-02
-3.477385500445961952e-03
-2.104641869664192200e-02
3.023559041321277618e-02
3.436326980590820312e-02
-1.093930378556251526e-02
3.328514751046895981e-03
4.950251802802085876e-02
-1.810108125209808350e-02
4.383751947898417711e-04
-9.227672591805458069e-03
1.195395551621913910e-02
9.387929923832416534e-03
2.473568543791770935e-02
-1.287122536450624466e-02
-1.943199336528778076e-02
1.124568469822406769e-02
-5.722757894545793533e-03
2.551805973052978516e-02
2.767647802829742432e-02
5.382075533270835876e-02
5.938862636685371399e-02
4.049752280116081238e-02
2.492723241448402405e-02
-1.235124189406633377e-03
4.124940186738967896e-02
2.053913660347461700e-02
-5.603168159723281860e-03
-3.565547615289688110e-02
-4.252455011010169983e-02
1.377341803163290024e-03
-3.726954013109207153e-02
-2.185073681175708771e-02
9.702562354505062103e-03
-2.424241602420806885e-02
-3.657846152782440186e-02
-3.968031704425811768e-02
-4.628835618495941162e-02
-4.113495349884033203e-02
-2.699350565671920776e-02
-3.603602573275566101e-02
-2.545000799000263214e-02
-3.923838958144187927e-02
-1.118145138025283813e-02
1.859019696712493896e-02
-3.145072143524885178e-03
5.165411625057458878e-03
4.407872259616851807e-02
1.411604136228561401e-02
1.651339977979660034e-02
3.516566241160035133e-03
-1.821742276661098003e-03
-5.153131671249866486e-03
-3.114105015993118286e-02
-3.104773908853530884e-02
-4.976794589310884476e-03
3.785767778754234314e-02
5.271703936159610748e-03
-1.135722501203417778e-03
-1.656963303685188293e-02
-3.270521387457847595e-02
-1.491650473326444626e-02
-4.366781096905469894e-03
-3.702196478843688965e-02
-4.416363313794136047e-02
-3.058842755854129791e-02
-1.806115731596946716e-02
-2.101221494376659393e-02
1.085134106688201427e-03
-4.164059832692146301e-02
-3.163762018084526062e-02
4.082323238253593445e-02
4.208571836352348328e-02
-4.452709108591079712e-03
2.064227685332298279e-02
7.321569137275218964e-03
-7.535638753324747086e-03
4.169651772826910019e-03
3.417905047535896301e-02
2.985950000584125519e-02
5.444676429033279419e-02
4.315016046166419983e-02
-5.689423996955156326e-03
7.810255885124206543e-02
4.476439207792282104e-02
2.760707866400480270e-03
4.165607690811157227e-02
5.685962736606597900e-02
7.533200550824403763e-03
-2.288777381181716919e-02
2.828472293913364410e-03
-4.318199679255485535e-02
-3.361367806792259216e-02
2.588307717815041542e-03
1.004185248166322708e-02
1.656729541718959808e-02
-1.118800323456525803e-02
-1.595092122443020344e-03
1.007736101746559143e-01
8.852804452180862427e-02
6.902407109737396240e-02
4.755836725234985352e-02
6.690113991498947144e-02
-6.533146835863590240e-03
-1.137089356780052185e-02
-2.694564126431941986e-02
-2.212167950347065926e-03
-1.987728057429194450e-03
-9.389081969857215881e-03
-2.072802372276782990e-02
3.435183607507497072e-04
-3.491720417514443398e-03
-1.580267585813999176e-02
3.895588219165802002e-02
6.743642687797546387e-02
4.394268617033958435e-02
2.465082332491874695e-02
9.282151237130165100e-03
-3.387561766430735588e-03
2.107864804565906525e-02
2.460953220725059509e-02
-8.189141750335693359e-03
2.079537138342857361e-02
-1.481947582215070724e-02
-3.034130483865737915e-02
9.817004203796386719e-03
3.793429816141724586e-03
2.148058963939547539e-03
-2.859494090080261230e-02
-4.689381457865238190e-03
-4.193955659866333008e-02
8.005011477507650852e-04
-1.145149488002061844e-02
-9.701061993837356567e-03
-3.305164724588394165e-02
3.311689570546150208e-02
1.138275116682052612e-02
1.781313121318817139e-02
2.041514776647090912e-02
-3.089130297303199768e-02
6.284464616328477859e-03
-1.114436984062194824e-02
8.120257407426834106e-03
-3.720894828438758850e-02
-4.121005162596702576e-02
-4.726735875010490417e-02
2.058644779026508331e-02
-1.965009607374668121e-02
3.217717260122299194e-02
1.497490983456373215e-02
-1.206421758979558945e-02
2.829326130449771881e-02
1.968543604016304016e-02
-2.742386609315872192e-02
-2.923536114394664764e-03
-2.429539151489734650e-02
1.638602698221802711e-03
2.134475857019424438e-03
1.209910772740840912e-02
2.939036814495921135e-03
-7.524428074248135090e-04
3.297760384157299995e-03
3.189598768949508667e-02
-3.155923634767532349e-02
-2.485698834061622620e-02
-1.376164797693490982e-02
1.550171058624982834e-03
-2.686991170048713684e-02
-4.540664609521627426e-03
-3.865035623311996460e-02
-1.458692364394664764e-02
-5.137261003255844116e-03
-1.159506011754274368e-02
-1.499683037400245667e-02
-9.035797789692878723e-03
-2.191350236535072327e-02
-2.627632766962051392e-02
-3.007631935179233551e-02
1.247785636223852634e-03
-3.385622054338455200e-02
-6.107458099722862244e-02
-2.477029338479042053e-02
-1.797121390700340271e-02
-4.403042420744895935e-02
2.172721922397613525e-02
-2.228892780840396881e-02
-1.838132552802562714e-02
-2.946988679468631744e-02
-1.352621056139469147e-02
-1.306376233696937561e-02
9.040574543178081512e-03
4.243943840265274048e-03
-1.354702748358249664e-02
4.569447413086891174e-02
-2.345013618469238281e-02
-2.737456001341342926e-02
-1.419389154762029648e-02
-3.758436441421508789e-02
1.125029567629098892e-02
1.362036541104316711e-02
7.198154926300048828e-03
3.160291537642478943e-02
5.526514723896980286e-03
5.223543848842382431e-03
-4.512776155024766922e-03
4.296420142054557800e-03
2.279116772115230560e-02
7.737789303064346313e-03
4.471199214458465576e-02
4.827177897095680237e-02
1.820241473615169525e-02
1.499713119119405746e-02
1.036089030094444752e-03
6.782691460102796555e-03
4.949390422552824020e-04
-1.009870227426290512e-02
1.669825613498687744e-02
2.881212346255779266e-02
1.052228175103664398e-02
-2.362207137048244476e-02
2.369226887822151184e-02
2.098576352000236511e-02
-8.497443981468677521e-03
3.620954602956771851e-02
-2.659622579813003540e-02
2.304537221789360046e-02
2.111171931028366089e-02
-1.323199248872697353e-03
1.703506708145141602e-02
1.635346189141273499e-02
1.578778028488159180e-02
1.344008278101682663e-02
-2.540482208132743835e-02
7.172889541834592819e-03
2.402648515999317169e-02
3.317470476031303406e-02
1.369154779240489006e-03
1.447312254458665848e-02
-2.431474812328815460e-02
-1.502545550465583801e-02
-1.928261853754520416e-02
-4.923210013657808304e-03
2.212867373600602150e-03
-5.032505374401807785e-03
2.411917969584465027e-02
2.669807057827711105e-03
1.045685447752475739e-02
1.607486605644226074e-02
-6.742410478182137012e-04
-3.403146984055638313e-04
-6.728115025907754898e-03
-1.293205562978982925e-02
-1.994555816054344177e-02
2.860528044402599335e-02
3.666374087333679199e-02
-2.572738938033580780e-02
3.099817223846912384e-02
2.819479256868362427e-02
1.668238826096057892e-02
3.626659512519836426e-02
1.889383420348167419e-02
-1.007226761430501938e-02
-4.288602154701948166e-03
-1.796452561393380165e-03
-4.255962744355201721e-02
-6.602418422698974609e-02
-4.254093766212463379e-02
-3.232767060399055481e-02
-1.291906461119651794e-02
-2.018595114350318909e-02
-2.465250529348850250e-02
-2.250178344547748566e-02
-2.367977052927017212e-02
-4.154951125383377075e-02
1.896805479191243649e-03
-9.064629673957824707e-03
-2.333952486515045166e-02
-4.227022081613540649e-02
-2.990142442286014557e-02
-5.770964082330465317e-03
-2.222166769206523895e-02
-8.093730546534061432e-03
-2.806970663368701935e-02
-3.608188824728131294e-03
-2.298573963344097137e-02
1.344024762511253357e-02
-2.410117723047733307e-02
3.192460536956787109e-02
1.306802872568368912e-02
-2.015759702771902084e-03
1.259215641766786575e-02
-3.805452957749366760e-02
-3.153073415160179138e-02
-4.155542328953742981e-02
-4.308196157217025757e-02
-1.248756609857082367e-02
-2.928419783711433411e-02
-3.219874808564782143e-03
-2.090264298021793365e-02
-2.195366844534873962e-02
9.830055758357048035e-03
-3.726435080170631409e-02
8.230105973780155182e-03
3.252043155953288078e-03
2.333894930779933929e-02
1.242487411946058273e-02
2.488018572330474854e-02
3.137918189167976379e-02
1.065116724930703640e-03
3.832584246993064880e-03
8.537961170077323914e-03
1.150564197450876236e-02
1.097230007871985435e-03
-3.507322072982788086e-02
-2.111017331480979919e-02
-4.373067989945411682e-02
-3.528957813978195190e-02
-1.120692002587020397e-03
2.795863337814807892e-02
4.337571561336517334e-02
1.865577511489391327e-02
4.056752845644950867e-02
1.473445631563663483e-02
4.565408453345298767e-02
2.574406750500202179e-02
1.264277566224336624e-02
1.059297844767570496e-02
3.987161442637443542e-02
-5.020339041948318481e-03
1.812286861240863800e-02
-9.793549776077270508e-03
-1.139471400529146194e-02
-3.393324092030525208e-02
-1.963792368769645691e-02
-1.199351157993078232e-02
1.187167037278413773e-02
8.660044521093368530e-03
2.675967290997505188e-02
7.502731401473283768e-03
4.795888438820838928e-02
1.054027490317821503e-02
1.542043872177600861e-02
-1.313563995063304901e-02
-1.478417107136920094e-04
6.376807112246751785e-03
-1.494471728801727295e-02
1.878442242741584778e-02
-2.968860091641545296e-03
-9.555402211844921112e-03
-3.721462562680244446e-02
-1.342455297708511353e-02
-3.735069185495376587e-02
-1.737127453088760376e-02
1.497570425271987915e-02
2.620367519557476044e-02
3.713270276784896851e-02
-1.161265280097723007e-02
-2.386882901191711426e-02
1.393836364150047302e-02
2.870973572134971619e-02
1.168591156601905823e-02
3.844224615022540092e-03
4.153209552168846130e-02
2.264933846890926361e-02
1.324761286377906799e-02
1.368547789752483368e-02
-2.739612478762865067e-03
9.596541523933410645e-03
1.323464978486299515e-02
-5.907011684030294418e-03
-7.615875918418169022e-03
8.465449325740337372e-03
-2.551141567528247833e-02
-1.586472429335117340e-02
-2.769854292273521423e-02
-3.513208031654357910e-02
-8.683633059263229370e-02
-6.147430464625358582e-02
3.171973675489425659e-02
2.203923184424638748e-03
2.427526749670505524e-02
-9.075614623725414276e-03
1.406690687872469425e-03
-9.351979009807109833e-03
-1.000953931361436844e-02
-5.481632426381111145e-02
-5.120150372385978699e-02
-2.803668938577175140e-02
-4.202302172780036926e-02
-4.160597547888755798e-02
6.463062483817338943e-03
-3.884604200720787048e-02
-4.180892929434776306e-02
2.783529832959175110e-02
-1.665428467094898224e-02
-2.221992239356040955e-02
9.308082051575183868e-03
1.086828764528036118e-02
7.382635027170181274e-02
9.043189883232116699e-02
5.676048249006271362e-02
8.400609344244003296e-02
9.564423561096191406e-02
2.224128320813179016e-02
3.040895611047744751e-02
2.648947201669216156e-02
-1.171905919909477234e-02
2.603986673057079315e-02
-4.148565232753753662e-02
-3.454618528485298157e-02
-3.244247660040855408e-02
-5.064691975712776184e-02
-4.533384740352630615e-02
-5.134863778948783875e-02
-3.090100735425949097e-02
-9.010497480630874634e-03
-6.222703959792852402e-03
-1.738473027944564819e-02
-6.572292768396437168e-04
-4.126785323023796082e-03
1.877290196716785431e-02
2.313768491148948669e-02
-3.500999137759208679e-02
3.148468956351280212e-02
2.275161631405353546e-02
2.669144235551357269e-02
-2.364113554358482361e-02
3.377481922507286072e-02
2.659049257636070251e-02
-2.033431828022003174e-02
-2.068639919161796570e-02
-3.781121969223022461e-02
-1.689828746020793915e-02
-1.718498766422271729e-02
-2.709668502211570740e-02
-4.716621339321136475e-02
-4.689852893352508545e-02
-5.606631189584732056e-02
-5.539998412132263184e-02
-4.845759272575378418e-02
-3.595495969057083130e-02
-6.691706925630569458e-02
-7.581770420074462891e-03
5.475611425936222076e-03
2.280757576227188110e-02
2.907490730285644531e-02
-1.663507148623466492e-02
-1.049430295825004578e-02
-1.907060481607913971e-02
2.252776641398668289e-03
-2.865457534790039062e-02
-4.229441750794649124e-03
-3.145470982417464256e-03
-1.429721123713534325e-05
8.045453578233718872e-03
1.654037833213806152e-02
1.444684620946645737e-02
1.481953822076320648e-02
-1.642491668462753296e-02
-6.282553076744079590e-02
-4.034429788589477539e-02
-4.109354224056005478e-03
-6.004271656274795532e-02
7.410508114844560623e-03
-2.605616115033626556e-02
-4.045850131660699844e-03
-5.050418898463249207e-02
-4.515405371785163879e-02
-6.309206038713455200e-02
-5.798590555787086487e-02
-7.319276034832000732e-02
-5.825034528970718384e-02
7.360825780779123306e-03
-2.550003817304968834e-03
5.104971677064895630e-02
6.439889222383499146e-02
-5.459265038371086121e-02
-1.736887497827410698e-03
4.225981980562210083e-02
6.381999701261520386e-02
4.742347821593284607e-02
2.126382477581501007e-02
1.141037326306104660e-02
-2.268590405583381653e-02
-2.646572142839431763e-02
-3.057240881025791168e-02
-3.722355514764785767e-02
-2.941063605248928070e-02
3.499073162674903870e-02
2.517071180045604706e-02
3.479135036468505859e-02
1.011682674288749695e-02
6.441733986139297485e-02
2.459664829075336456e-02
3.457521321251988411e-03
-1.350697688758373260e-02
-1.245211251080036163e-02
4.750837106257677078e-03
3.116444498300552368e-02
-3.489919705316424370e-03
-1.508070155978202820e-02
1.133646722882986069e-02
3.017826564610004425e-02
3.470511734485626221e-02
-1.178211998194456100e-03
-6.801718380302190781e-03
1.668164879083633423e-02
2.286694385111331940e-02
-6.850263476371765137e-02
-3.224011510610580444e-02
-2.738339453935623169e-02
-4.163116589188575745e-02
-5.036653950810432434e-02
4.132473841309547424e-02
4.877525195479393005e-02
3.872106224298477173e-02
7.633755356073379517e-02
4.885959252715110779e-02
-8.975974284112453461e-03
-2.264613285660743713e-02
-1.623268239200115204e-02
-1.250215526670217514e-02
-9.600639343261718750e-03
-1.723590679466724396e-02
3.645882708951830864e-03
-3.097823634743690491e-02
-1.385113690048456192e-02
1.176211889833211899e-02
-1.537457719678059220e-04
6.855365820229053497e-03
7.269788067787885666e-03
1.264755614101886749e-02
-1.114163361489772797e-02
-6.694939918816089630e-03
-9.585781022906303406e-03
-3.935378044843673706e-03
-1.124315615743398666e-02
-1.788312918506562710e-03
7.594120106659829617e-04
6.307331379503011703e-03
3.274217247962951660e-02
3.563882410526275635e-02
5.501496605575084686e-03
1.374808023683726788e-03
1.138016115874052048e-02
9.637657552957534790e-03
2.632079645991325378e-02
1.974520459771156311e-02
1.748953200876712799e-02
5.072467029094696045e-02
3.329353034496307373e-02
4.088839888572692871e-02
3.996014967560768127e-02
-3.802108392119407654e-02
-1.484931632876396179e-02
-3.960812836885452271e-02
-3.925772011280059814e-02
-3.016146831214427948e-02
1.475232094526290894e-02
-6.016663741320371628e-03
-1.719640195369720459e-02
-3.122732043266296387e-02
-2.675599232316017151e-02
-3.640817850828170776e-02
-3.209601715207099915e-02
-4.005068447440862656e-03
-2.724071592092514038e-02
2.316741459071636200e-02
1.785813830792903900e-02
2.552318014204502106e-02
2.525790967047214508e-02
5.772513803094625473e-03
7.962279021739959717e-03
2.025432512164115906e-02
4.614405799657106400e-03
-3.133331239223480225e-02
2.693479182198643684e-03
-1.194502878934144974e-02
6.582500040531158447e-02
9.945300407707691193e-03
7.550781965255737305e-02
6.990564614534378052e-02
6.756744533777236938e-02
-9.934976696968078613e-03
1.147815026342868805e-03
1.953043858520686626e-03
-5.094591155648231506e-02
3.321399539709091187e-02
3.079364821314811707e-02
3.447770327329635620e-02
3.866446390748023987e-02
3.245262056589126587e-02
1.948264800012111664e-02
6.045017391443252563e-02
1.161887124180793762e-02
4.445966705679893494e-02
2.366930618882179260e-02
1.073408778756856918e-02
1.543451193720102310e-02
4.633560404181480408e-02
-3.007962368428707123e-02
-1.934964093379676342e-04
2.053297124803066254e-02
-2.251951955258846283e-03
-4.925511032342910767e-02
-1.687454804778099060e-02
-1.565923355519771576e-02
6.435689283534884453e-04
-2.035138197243213654e-02
3.735642239917069674e-04
-3.889722982421517372e-03
-6.812993902713060379e-03
-1.294139958918094635e-02
-3.328615799546241760e-02
3.757180273532867432e-02
2.837714552879333496e-02
2.843499928712844849e-02
3.678107261657714844e-02
-1.218518987298011780e-02
1.218724995851516724e-02
6.670284783467650414e-04
-2.066321321763098240e-04
-2.175624668598175049e-02
1.919937878847122192e-02
1.610740460455417633e-02
3.135179728269577026e-02
5.308733787387609482e-03
-9.905444458127021790e-03
-3.501926735043525696e-02
-3.007834404706954956e-02
-1.101412437856197357e-02
-2.346332743763923645e-02
-4.526313394308090210e-02
-2.850256673991680145e-02
-3.403775766491889954e-02
-1.139992568641901016e-02
-1.219102367758750916e-02
-2.728259190917015076e-02
-1.586410216987133026e-02
-2.875219471752643585e-02
-2.435699291527271271e-02
-2.774950116872787476e-02
-2.392600849270820618e-02
3.973620384931564331e-02
2.876544743776321411e-02
1.529548410326242447e-02
2.818425558507442474e-02
3.875750303268432617e-02
4.488911872613243759e-05
-5.559194367378950119e-03
1.519340276718139648e-02
-1.913291960954666138e-02
-5.099031142890453339e-03
2.873553521931171417e-02
1.660006865859031677e-02
3.057934530079364777e-02
2.351087285205721855e-03
2.764669992029666901e-02
2.909340150654315948e-02
7.329627405852079391e-03
3.679757565259933472e-02
3.755893185734748840e-02
-2.242700662463903427e-03
-4.725448414683341980e-02
-7.162014394998550415e-02
-5.649896711111068726e-02
-5.922701954841613770e-02
-6.032609939575195312e-02
-3.276018053293228149e-02
-8.699336089193820953e-03
-4.051027819514274597e-02
7.969903759658336639e-03
1.225207000970840454e-02
1.237301249057054520e-02
-5.581262987107038498e-03
2.193842810811474919e-04
-8.362446911633014679e-03
-6.976775359362363815e-03
-2.405220083892345428e-02
-2.577050961554050446e-02
-2.862596511840820312e-02
-6.488848477602005005e-03
-3.501672297716140747e-02
5.285580083727836609e-02
-6.536129862070083618e-02
-5.883592367172241211e-02
-1.157253142446279526e-02
3.292924910783767700e-02
1.129427272826433182e-02
6.833392661064863205e-03
1.675214245915412903e-02
7.515580859035253525e-03
3.624747321009635925e-02
-1.382158254273235798e-03
-4.461296647787094116e-02
8.968195877969264984e-03
-3.895204886794090271e-02
2.031641453504562378e-02
3.661657869815826416e-02
-3.176400437951087952e-02
-1.407473441213369370e-02
-9.067094884812831879e-03
-3.149759396910667419e-02
2.146186679601669312e-02
2.176706492900848389e-02
4.316841810941696167e-02
8.624990470707416534e-03
1.720347627997398376e-02
-6.138101592659950256e-02
-5.716469138860702515e-02
-4.711939394474029541e-02
-5.736993253231048584e-02
-9.056129306554794312e-02
-3.414452075958251953e-02
-3.056369721889495850e-02
-4.698581248521804810e-02
-4.646183177828788757e-02
7.798876031301915646e-04
-2.098533697426319122e-02
-1.978502841666340828e-03
-1.278108684346079826e-03
2.830219827592372894e-02
1.234308350831270218e-02
5.776767432689666748e-02
1.646867580711841583e-02
4.775384813547134399e-02
-1.313770003616809845e-02
2.451814152300357819e-02
1.581020653247833252e-02
2.524012699723243713e-02
3.643282875418663025e-02
2.920814417302608490e-02
-5.692601203918457031e-03
9.127055294811725616e-03
3.182622313033789396e-04
-2.876506373286247253e-02
4.126848280429840088e-02
2.111905626952648163e-02
-7.027621846646070480e-03
-1.590951345860958099e-02
-2.670566737651824951e-02
-3.078692965209484100e-02
-3.785979002714157104e-02
1.283361343666911125e-03
-3.252201946452260017e-03
1.815301179885864258e-02
-2.031022496521472931e-02
-2.525643631815910339e-02
-4.264058917760848999e-02
-4.558287933468818665e-02
-6.619491428136825562e-02
-7.095345854759216309e-02
-6.508609652519226074e-02
-1.504738163203001022e-02
-6.014221347868442535e-03
-1.960322819650173187e-02
-2.678508125245571136e-02
-1.171985641121864319e-02
-7.277058903127908707e-03
-8.263068273663520813e-03
3.872005618177354336e-04
-2.879785839468240738e-03
-2.755888039246201515e-03
-5.048303399235010147e-03
-3.242492303252220154e-02
-1.967302896082401276e-02
-2.227872610092163086e-02
-3.170441463589668274e-02
2.560672909021377563e-02
-2.111128158867359161e-02
-6.736075505614280701e-03
-3.240954130887985229e-02
4.124508798122406006e-02
-2.206640085205435753e-03
-9.317164309322834015e-03
-1.791936345398426056e-02
-2.533224411308765411e-02
-7.143601775169372559e-03
7.847774773836135864e-02
1.289485488086938858e-02
1.493101660162210464e-02
3.634056821465492249e-02
3.522321581840515137e-02
-4.592246841639280319e-03
5.760381463915109634e-03
8.965849876403808594e-03
-7.413221057504415512e-03
-1.771592348814010620e-02
-4.885713756084442139e-02
-5.160017311573028564e-02
-1.796352677047252655e-02
-1.539233420044183731e-02
-8.015939593315124512e-02
7.728447765111923218e-02
5.342964828014373779e-02
4.875522851943969727e-02
3.840461745858192444e-02
5.895396694540977478e-02
2.279157005250453949e-02
4.778526723384857178e-02
7.221913337707519531e-02
5.159416049718856812e-02
3.204634413123130798e-02
1.581698469817638397e-02
1.531373616307973862e-02
-2.760524302721023560e-02
2.560235746204853058e-02
-1.912087760865688324e-02
6.927768699824810028e-03
1.449579279869794846e-02
4.281473346054553986e-03
-1.210865471512079239e-02
5.783943459391593933e-03
-8.076365105807781219e-03
-4.628414753824472427e-03
1.412514876574277878e-02
2.083782851696014404e-02
2.194953151047229767e-02
6.340174376964569092e-02
7.160766422748565674e-02
6.153177842497825623e-02
7.145860791206359863e-02
6.783409416675567627e-02
-3.570400550961494446e-02
-2.789024822413921356e-02
-2.444856241345405579e-02
-3.456046432256698608e-02
-3.799002617597579956e-02
-6.435073167085647583e-02
-5.610502138733863831e-02
-6.443259119987487793e-02
-6.179136410355567932e-02
-6.939398497343063354e-02
-4.066197574138641357e-02
-1.933716610074043274e-02
-6.896486040204763412e-03
-1.934771798551082611e-02
-8.681653067469596863e-03
-9.145681746304035187e-03
-1.023475546389818192e-02
-9.928894229233264923e-03
-2.610672451555728912e-02
-1.013583023450337350e-04
-4.360444843769073486e-03
-1.730387285351753235e-02
-1.741911284625530243e-02
-2.147096022963523865e-02
-1.076122187077999115e-02
1.436607073992490768e-02
-4.061153158545494080e-02
9.788460098206996918e-03
8.653396740555763245e-03
1.616944186389446259e-02
-4.362370073795318604e-02
-9.103965014219284058e-02
-7.780203223228454590e-02
-4.814218729734420776e-02
-5.194399505853652954e-02
1.372142345644533634e-03
2.695944346487522125e-02
2.328708954155445099e-02
5.123335402458906174e-03
-2.717099897563457489e-02
-4.242501745466142893e-04
5.721072107553482056e-02
2.741107903420925140e-02
2.732972986996173859e-02
9.869329631328582764e-03
-1.795586897060275078e-03
-5.004043225198984146e-03
-7.386226672679185867e-03
-7.638061419129371643e-03
-7.118767127394676208e-03
1.359865069389343262e-02
7.276485115289688110e-02
6.393506377935409546e-02
2.512212283909320831e-02
1.668830588459968567e-02
2.466865070164203644e-02
2.602306753396987915e-02
6.191981490701436996e-03
3.015278466045856476e-02
1.790456846356391907e-02
-6.291595287621021271e-03
-1.792964152991771698e-02
1.304255099967122078e-03
1.641733199357986450e-02
-6.933846045285463333e-03
-2.956763282418251038e-02
-3.379971161484718323e-02
-3.126762749161571264e-04
-2.847753278911113739e-02
-3.031116351485252380e-02
-6.082078907638788223e-03
2.216634713113307953e-02
-5.209467373788356781e-03
2.853202447295188904e-02
-9.130542166531085968e-03
-3.780651837587356567e-02
-5.795766785740852356e-02
-2.895605750381946564e-02
-4.882767330855131149e-03
-6.383233703672885895e-04
1.824897341430187225e-02
3.017608076333999634e-02
-2.548142336308956146e-02
-2.193435095250606537e-02
4.856507293879985809e-03
9.938613511621952057e-03
-9.989942423999309540e-03
7.260933518409729004e-02
-2.306549437344074249e-02
-1.375979930162429810e-02
2.532081119716167450e-02
2.920123934745788574e-02
3.809067979454994202e-02
-1.219213102012872696e-02
-1.338648982346057892e-02
-1.257902104407548904e-02
-3.375395666807889938e-03
1.616348698735237122e-02
-2.044799365103244781e-02
9.289165958762168884e-03
-8.857510983943939209e-03
-1.791866123676300049e-02
-2.410828880965709686e-02
-2.985917776823043823e-02
-2.532734163105487823e-02
2.182720601558685303e-02
4.263958707451820374e-02
2.366495877504348755e-02
4.199479147791862488e-02
2.609840407967567444e-02
-5.614076182246208191e-02
-5.088985711336135864e-02
-1.985763665288686752e-03
-2.647394686937332153e-02
1.459392253309488297e-02
1.093910913914442062e-02
-9.441672824323177338e-03
7.518616039305925369e-03
-2.861765970010310411e-04
-8.064841851592063904e-03
7.351665757596492767e-03
2.635997906327247620e-02
1.897191442549228668e-02
3.975420817732810974e-02
2.305802702903747559e-02
-5.487764626741409302e-02
-4.166412353515625000e-02
-5.336567759513854980e-03
-2.567418664693832397e-02
-2.863967046141624451e-02
-1.254562288522720337e-02
-1.385010592639446259e-02
-2.155167609453201294e-02
-2.433693408966064453e-02
-2.752229198813438416e-02
-4.421332851052284241e-02
-9.627888910472393036e-03
1.446027122437953949e-02
5.819467827677726746e-03
2.007294911891222000e-03
3.463762113824486732e-03
1.330547034740447998e-02
-2.761343680322170258e-02
9.398448280990123749e-03
1.704236306250095367e-02
7.644198089838027954e-02
4.069258272647857666e-02
2.785098925232887268e-02
5.804628133773803711e-02
5.545550584793090820e-02
-3.405684232711791992e-02
-1.481061894446611404e-02
6.743410136550664902e-03
-1.848520128987729549e-03
-1.585699734278023243e-03
1.162603404372930527e-02
-2.136561088263988495e-02
-2.289592847228050232e-02
-1.765042915940284729e-02
-2.865864336490631104e-02
3.501232340931892395e-02
2.881562151014804840e-02
3.314540535211563110e-02
5.180975422263145447e-02
5.352768674492835999e-02
5.270129069685935974e-03
7.277966942638158798e-03
-9.200299158692359924e-03
-8.559100097045302391e-04
7.073356537148356438e-04
-2.500807680189609528e-02
-3.065271675586700439e-02
6.136681768111884594e-04
-4.702611360698938370e-03
-4.530405625700950623e-03
-1.810727524571120739e-03
-3.320155665278434753e-02
-1.984390802681446075e-02
-4.442060366272926331e-03
-3.011954389512538910e-02
-2.697999216616153717e-02
-2.696074172854423523e-02
-1.820111460983753204e-02
-5.176296457648277283e-02
-1.207189168781042099e-02
8.194185793399810791e-02
5.823153257369995117e-02
8.413525670766830444e-02
4.409428685903549194e-02
3.902308642864227295e-02
9.957306832075119019e-02
9.064272791147232056e-02
5.217834934592247009e-02
5.909036472439765930e-02
5.975227430462837219e-02
-2.077799476683139801e-02
-1.458967104554176331e-02
-3.613459691405296326e-02
-3.371646627783775330e-02
-4.317354410886764526e-02
-1.375870686024427414e-02
1.431268290616571903e-03
-2.284903824329376221e-02
-4.676606506109237671e-02
4.474116954952478409e-03
-1.117552910000085831e-02
2.478509768843650818e-02
-1.075970567762851715e-02
-1.744946837425231934e-02
-2.729594334959983826e-02
-9.148850105702877045e-03
1.168341189622879028e-02
5.034171417355537415e-02
4.232742637395858765e-02
8.059704676270484924e-03
1.633928157389163971e-02
8.277393877506256104e-02
3.946882486343383789e-02
6.491180509328842163e-02
6.956619769334793091e-02
-6.772644072771072388e-02
-5.442482978105545044e-02
-1.048684958368539810e-02
-1.209148485213518143e-02
-4.811924695968627930e-02
-2.394169382750988007e-02
1.535800937563180923e-02
1.223709434270858765e-02
-3.520825132727622986e-02
2.114498754963278770e-03
-2.062437124550342560e-02
-3.894637152552604675e-02
-1.862600818276405334e-02
-4.232829809188842773e-02
-3.658129600808024406e-03
-1.358050573617219925e-02
-1.117925066500902176e-02
-4.060893878340721130e-02
-5.143808573484420776e-02
-1.837231218814849854e-02
-3.077727369964122772e-02
-2.462191879749298096e-02
-5.489344149827957153e-02
-1.380264759063720703e-02
-4.784880205988883972e-02
8.680614829063415527e-02
8.588629961013793945e-02
4.402669146656990051e-02
5.760273709893226624e-02
8.160899579524993896e-02
2.397546544671058655e-03
2.915825927630066872e-03
8.688393980264663696e-03
-3.528059646487236023e-02
-1.760849729180335999e-02
4.993841052055358887e-03
-9.302518330514431000e-03
-3.240153938531875610e-02
1.063602231442928314e-02
-2.024728804826736450e-02
5.969200283288955688e-02
-2.061644045170396566e-04
-8.645277470350265503e-03
2.160363271832466125e-02
1.960564963519573212e-02
-2.174284495413303375e-02
1.353318430483341217e-02
-3.587460145354270935e-02
-3.385335579514503479e-02
-2.576785720884799957e-02
2.907808404415845871e-03
-3.161553293466567993e-02
-3.362853080034255981e-02
-8.232053369283676147e-03
5.422918871045112610e-02
2.717760019004344940e-02
2.928433567285537720e-02
1.413947250694036484e-02
2.971469983458518982e-02
3.375034406781196594e-02
2.207749150693416595e-02
1.852414570748806000e-02
3.521049395203590393e-02
3.358862549066543579e-02
-4.732701461762189865e-03
6.785762496292591095e-03
4.055642057210206985e-03
-7.991207763552665710e-03
-5.320808384567499161e-03
-8.738598786294460297e-03
-6.842498667538166046e-03
2.087665721774101257e-02
-9.471226483583450317e-03
2.817438915371894836e-03
2.166881691664457321e-03
5.585620552301406860e-02
6.644388288259506226e-02
6.564176082611083984e-02
5.961731448769569397e-02
4.490352049469947815e-02
3.250519931316375732e-02
6.521773990243673325e-03
3.047810122370719910e-02
-1.161703839898109436e-03
1.287006586790084839e-02
3.242160752415657043e-02
-1.760831475257873535e-02
2.281800471246242523e-02
2.044226974248886108e-02
1.557931955903768539e-02
-1.723013236187398434e-03
-1.644818671047687531e-02
-4.411151260137557983e-02
8.781074546277523041e-03
3.358989488333463669e-03
5.952792987227439880e-02
6.350545585155487061e-02
6.409304589033126831e-02
4.678813368082046509e-02
5.734903737902641296e-02
9.836185723543167114e-03
3.621258959174156189e-02
-1.212092768400907516e-02
4.220703616738319397e-03
-2.075633592903614044e-02
-2.701091766357421875e-02
-1.787259429693222046e-02
-1.973042823374271393e-02
-3.803370520472526550e-02
-3.032880835235118866e-02
3.435286134481430054e-02
5.785892158746719360e-02
4.717416316270828247e-02
5.809345096349716187e-02
4.580150544643402100e-02
-1.697553135454654694e-02
-1.715554296970367432e-02
-4.494105000048875809e-03
-1.516899466514587402e-02
3.397350898012518883e-03
-3.605487989261746407e-03
-4.941290989518165588e-02
-5.553227290511131287e-02
-2.618558146059513092e-02
-2.975964732468128204e-02
-1.927518658339977264e-02
2.894908562302589417e-02
-2.740392461419105530e-02
-2.757755806669592857e-03
4.228718113154172897e-03
-1.720049418509006500e-02
-1.209213398396968842e-02
4.486410412937402725e-03
-2.001369744539260864e-02
-1.054584234952926636e-02
7.640310376882553101e-02
5.900359526276588440e-02
7.888639718294143677e-02
8.457568287849426270e-02
8.450065553188323975e-02
-4.902360495179891586e-03
-1.264525298029184341e-02
3.305508568882942200e-02
1.598777249455451965e-02
2.325886394828557968e-03
-5.858521326445043087e-04
-2.246080432087182999e-03
6.084967404603958130e-03
2.196209132671356201e-02
7.617791183292865753e-03
-2.002128958702087402e-02
-2.112590149044990540e-02
2.706516161561012268e-02
-1.764231733977794647e-02
-1.402047742158174515e-02
-8.775455877184867859e-03
-1.237194146960973740e-02
-3.637654706835746765e-02
1.946270349435508251e-03
-2.627886831760406494e-02
-5.259169731289148331e-03
-3.633899614214897156e-02
-4.629764705896377563e-02
-9.176657348871231079e-02
-3.093157708644866943e-02
6.590684875845909119e-03
-1.249093655496835709e-02
2.933449670672416687e-02
2.915687672793865204e-02
1.736024394631385803e-02
-3.885757923126220703e-02
-3.754742443561553955e-02
-1.025183871388435364e-02
-2.511357143521308899e-02
-4.430552944540977478e-02
4.386487416923046112e-03
3.568358719348907471e-02
-1.550368149764835835e-03
-9.806450456380844116e-03
-5.190328229218721390e-03
-2.883082441985607147e-02
-2.290345169603824615e-02
2.002538181841373444e-02
-9.885448962450027466e-03
-1.563288271427154541e-02
-6.054038554430007935e-02
-3.828248381614685059e-02
-3.359936550259590149e-02
-3.639758005738258362e-02
-4.368628561496734619e-02
-5.008790269494056702e-02
-1.594861038029193878e-02
-4.795739427208900452e-02
-3.714842349290847778e-02
-3.152253851294517517e-02
3.249735385179519653e-02
3.729437664151191711e-02
1.497402135282754898e-02
1.210992131382226944e-02
-2.172358101233839989e-03
-4.837207030504941940e-03
3.617088124155998230e-02
1.348789501935243607e-02
-3.851201618090271950e-03
3.196492791175842285e-02
-2.075795643031597137e-02
-5.021713674068450928e-02
-2.275532484054565430e-02
-1.494527515023946762e-02
-3.669247776269912720e-02
2.384276362136006355e-03
1.201134175062179565e-02
-8.128302171826362610e-03
-8.449433371424674988e-03
-2.368423342704772949e-02
6.831835955381393433e-03
9.030487388372421265e-03
2.777240984141826630e-02
2.430401509627699852e-03
7.640792988240718842e-03
-1.720534078776836395e-02
-2.093928866088390350e-02
-4.461645334959030151e-02
-3.618950769305229187e-02
-1.381691824644804001e-02
2.069108001887798309e-02
5.014927312731742859e-02
3.642939776182174683e-02
6.948688626289367676e-02
3.614351153373718262e-02
1.865614950656890869e-02
-1.262952759861946106e-02
-9.190180338919162750e-03
-2.058702521026134491e-02
-1.344993524253368378e-02
6.145998369902372360e-03
2.000071480870246887e-02
7.058158516883850098e-03
-3.992379084229469299e-02
2.398750931024551392e-02
-4.292668402194976807e-02
-1.770992018282413483e-02
-5.870587192475795746e-03
-6.000628322362899780e-02
-4.982550814747810364e-02
9.137419401668012142e-04
-9.878387209028005600e-04
5.943047814071178436e-03
-2.562695555388927460e-02
-2.176637575030326843e-02
-4.954826831817626953e-02
-4.047042876482009888e-02
-2.942610904574394226e-02
-1.380146667361259460e-02
-1.118660066276788712e-02
5.865544453263282776e-02
9.073659777641296387e-02
8.129265904426574707e-02
6.792610883712768555e-02
8.549880236387252808e-02
-1.413190271705389023e-02
-1.009129825979471207e-02
-3.298333287239074707e-02
1.295445021241903305e-02
9.997981600463390350e-03
-1.937410049140453339e-02
-1.745255477726459503e-02
-2.906295284628868103e-02
-3.264401853084564209e-02
-3.672115737572312355e-03
3.709431039169430733e-03
3.417588025331497192e-02
3.666207566857337952e-02
6.587928533554077148e-02
4.160448908805847168e-02
-1.685035414993762970e-03
6.334525533020496368e-03
-9.405025048181414604e-05
-1.389900455251336098e-03
2.543444279581308365e-03
-7.115074433386325836e-03
-6.234329938888549805e-02
-4.367912188172340393e-02
-4.530762881040573120e-02
-4.079475626349449158e-02
-3.277830313891172409e-03
-7.984157651662826538e-03
-1.806788146495819092e-02
-1.315100584179162979e-02
-1.160429697483778000e-02
2.776561863720417023e-02
4.152983054518699646e-02
-8.885900489985942841e-03
2.904371172189712524e-02
5.641034618020057678e-02
1.400534622371196747e-02
4.999945685267448425e-02
-1.682855747640132904e-02
-1.476404629647731781e-02
2.260840497910976410e-02
